temperatura,presion,velocidad_linea,vibracion,humedad,maquina,turno,material,defectuoso
212.62,53.56,108.6,2.34,43.7,M2,Vespertino,B,0
186.35,54.31,76.32,1.77,45.53,M1,Nocturno,B,0
187.9,49.14,95.82,2.61,54.63,M2,Nocturno,C,0
205.76,47.52,135.72,1.43,36.28,M1,Nocturno,A,0
223.36,51.12,98.39,1.49,32.86,M1,Vespertino,C,0
197.28,48.9,108.64,2.71,40.86,M2,Vespertino,B,0
203.08,54.18,116.64,2.62,55.67,M2,Matutino,C,0
207.09,57.91,111.79,2.75,46.08,M1,Vespertino,A,0
187.32,52.09,96.1,3.37,38.51,M3,Matutino,B,0
219.72,52.54,104.2,2.62,37.91,M1,Vespertino,A,0
213.38,48.44,103.22,3.13,41.43,M1,Nocturno,B,0
216.51,56.09,99.66,2.86,33.95,M3,Nocturno,B,0
201.16,43.22,119.17,2.55,38.71,M1,Vespertino,C,0
199.04,50.18,83.73,1.0,51.38,M2,Vespertino,B,0
182.98,60.9,105.24,1.74,53.89,M2,Nocturno,C,0
191.66,50.0,90.19,2.29,45.53,M3,Matutino,A,0
205.62,57.37,99.88,1.84,56.04,M2,Nocturno,C,0
193.16,59.92,123.52,2.76,52.09,M3,Nocturno,C,0
197.2,62.77,110.55,1.9,44.58,M3,Vespertino,B,1
207.07,52.58,114.4,3.74,43.06,M1,Vespertino,C,0
202.39,60.15,91.53,3.83,52.1,M3,Matutino,A,1
195.24,52.52,108.04,2.38,47.73,M1,Vespertino,A,0
189.2,43.29,90.82,1.98,38.13,M2,Matutino,A,0
204.3,62.89,107.37,3.92,63.0,M3,Vespertino,C,1
201.98,54.66,87.15,3.54,41.45,M1,Matutino,B,0
197.74,69.0,99.46,2.08,45.81,M3,Matutino,C,1
193.38,49.44,120.97,2.0,55.43,M1,Matutino,B,1
206.73,52.58,130.13,2.75,49.12,M2,Matutino,B,0
197.77,41.62,72.88,3.0,42.45,M2,Nocturno,C,0
188.6,52.73,104.27,3.69,51.22,M3,Matutino,A,1
189.8,47.51,122.21,1.97,43.54,M3,Vespertino,C,0
218.56,54.01,101.41,4.89,45.92,M3,Vespertino,C,1
197.55,52.83,95.39,3.52,43.99,M3,Vespertino,B,1
210.5,43.22,121.25,2.4,46.97,M1,Matutino,B,0
198.19,53.58,102.37,3.37,52.25,M2,Vespertino,B,0
206.61,51.47,96.14,2.42,48.74,M2,Matutino,C,0
187.71,53.78,86.98,2.76,36.78,M2,Nocturno,B,0
193.97,48.79,123.85,1.64,50.19,M1,Matutino,C,0
190.65,46.93,107.37,2.91,46.74,M2,Matutino,A,0
198.59,38.8,92.19,2.39,33.2,M3,Matutino,B,0
200.29,56.09,120.48,2.37,43.88,M3,Vespertino,A,0
210.86,59.9,83.55,3.04,44.29,M2,Matutino,A,0
184.61,49.67,130.89,3.03,53.46,M1,Matutino,C,1
200.42,56.39,114.21,2.67,37.55,M1,Matutino,B,0
185.15,60.09,113.59,3.9,34.63,M2,Vespertino,A,0
194.86,52.41,98.94,3.49,52.96,M1,Matutino,B,1
205.38,46.43,97.97,2.51,42.15,M2,Vespertino,B,0
194.78,51.58,110.65,3.34,40.92,M2,Nocturno,A,1
217.04,45.79,120.6,1.05,53.81,M1,Matutino,C,0
190.7,52.96,96.14,4.25,51.35,M1,Vespertino,C,0
191.3,62.25,109.04,2.06,47.28,M2,Matutino,C,1
175.0,57.67,90.88,2.15,42.51,M1,Nocturno,B,0
202.74,54.96,96.1,3.26,51.52,M2,Vespertino,A,0
190.95,57.77,119.53,2.13,36.66,M1,Vespertino,B,0
209.44,47.18,94.07,1.28,28.0,M1,Nocturno,C,0
198.35,49.42,107.37,2.97,42.18,M3,Nocturno,A,0
198.61,51.4,114.1,4.36,42.85,M3,Matutino,A,0
194.59,57.63,118.94,4.01,37.55,M3,Nocturno,B,1
185.93,63.87,112.33,3.54,48.04,M1,Matutino,A,0
194.71,52.31,131.96,1.37,45.39,M1,Vespertino,A,0
202.65,58.84,94.13,2.33,53.65,M3,Nocturno,A,0
216.76,63.14,120.66,2.67,49.33,M1,Nocturno,A,1
178.64,55.08,118.69,2.37,41.14,M2,Matutino,B,0
202.34,52.29,95.05,2.6,48.11,M3,Vespertino,B,0
199.92,48.11,80.89,2.47,46.2,M2,Matutino,C,0
193.44,44.89,122.7,4.96,49.29,M3,Matutino,A,1
197.78,44.64,99.07,4.31,42.66,M3,Vespertino,C,0
188.44,52.31,111.26,3.29,39.76,M2,Vespertino,B,0
175.0,50.56,100.62,3.01,40.76,M1,Nocturno,B,0
199.63,46.4,119.04,3.21,45.4,M3,Nocturno,A,0
180.43,54.5,77.71,3.3,46.09,M1,Nocturno,A,0
204.26,48.45,119.64,1.47,44.43,M1,Matutino,B,0
197.74,55.83,105.22,1.74,51.94,M2,Matutino,C,0
201.28,50.25,114.51,2.04,43.91,M2,Vespertino,A,0
192.73,59.99,98.46,3.19,45.3,M3,Nocturno,C,0
201.41,50.88,133.22,2.6,57.95,M3,Matutino,C,1
202.6,41.28,72.67,2.5,39.18,M1,Matutino,C,0
194.56,57.4,93.71,2.67,49.03,M1,Vespertino,B,0
198.91,61.73,125.27,2.59,47.54,M1,Matutino,C,1
194.36,61.26,112.37,3.35,57.1,M3,Vespertino,A,1
201.44,44.51,103.68,2.41,48.98,M3,Matutino,C,0
187.18,48.48,118.52,2.8,37.41,M1,Matutino,C,0
199.98,52.57,103.96,2.8,41.71,M3,Vespertino,A,0
205.06,46.24,101.3,1.53,51.85,M3,Vespertino,A,0
200.13,51.32,120.88,2.58,49.94,M2,Nocturno,C,1
198.69,45.03,92.78,1.96,46.79,M3,Matutino,C,0
203.6,54.77,118.94,3.97,43.81,M1,Nocturno,B,0
188.34,50.47,132.62,3.46,51.78,M1,Nocturno,A,0
177.63,48.91,98.35,3.93,47.55,M2,Nocturno,A,0
208.02,56.34,100.37,3.75,54.21,M2,Nocturno,C,1
182.22,55.24,123.25,2.83,30.97,M3,Vespertino,A,0
185.6,51.72,124.64,2.94,40.72,M1,Nocturno,B,0
208.35,69.0,114.89,2.38,55.49,M2,Nocturno,A,1
203.17,52.09,85.99,3.46,33.51,M2,Matutino,B,0
195.46,47.44,118.92,2.28,52.5,M2,Nocturno,B,1
203.33,54.97,111.72,3.22,51.64,M2,Nocturno,C,1
188.23,55.26,120.38,3.28,48.32,M3,Nocturno,C,0
197.08,51.22,97.66,2.01,43.61,M1,Vespertino,A,0
194.42,45.16,112.03,3.2,45.15,M3,Matutino,A,1
218.25,55.64,139.92,3.94,44.64,M1,Nocturno,A,1
197.65,61.47,97.43,2.86,37.85,M3,Matutino,B,0
196.73,62.21,116.22,2.2,41.01,M3,Vespertino,A,1
196.21,60.82,107.67,2.13,43.18,M1,Vespertino,B,0
180.18,52.51,129.73,2.27,48.36,M3,Matutino,B,1
220.97,61.45,111.91,2.01,45.71,M3,Vespertino,C,1
188.32,50.63,106.78,3.68,34.18,M2,Nocturno,A,0
190.64,47.54,114.44,1.58,41.85,M3,Vespertino,A,0
190.51,49.03,99.33,1.85,34.38,M2,Nocturno,A,0
199.97,48.95,110.12,2.79,39.9,M1,Matutino,C,0
202.87,59.47,92.04,4.3,38.18,M2,Matutino,C,1
205.0,45.42,119.45,1.62,42.78,M2,Matutino,B,0
185.28,49.27,105.42,1.83,45.13,M1,Matutino,B,0
206.61,58.18,106.57,2.17,48.37,M1,Matutino,B,0
205.61,61.47,96.76,2.31,39.02,M2,Matutino,A,0
194.98,59.52,112.54,2.75,47.56,M2,Matutino,C,1
213.29,54.14,76.51,1.0,51.63,M2,Nocturno,A,1
202.1,42.62,110.07,2.53,53.16,M1,Vespertino,B,0
191.69,52.21,87.65,3.36,29.2,M3,Vespertino,A,1
183.88,47.92,142.0,3.96,49.11,M2,Vespertino,B,0
206.56,53.13,86.02,2.95,44.05,M1,Matutino,B,0
198.81,55.35,100.11,2.64,45.27,M1,Matutino,C,0
193.49,59.45,105.29,3.85,44.06,M3,Nocturno,B,1
190.52,49.77,106.43,2.26,45.63,M1,Vespertino,C,0
190.29,47.38,108.19,2.24,55.41,M1,Nocturno,B,0
198.61,56.26,96.63,2.45,42.18,M2,Vespertino,C,0
199.01,61.73,109.49,5.08,47.81,M3,Matutino,B,1
178.89,62.28,98.26,3.28,42.96,M3,Vespertino,A,0
215.08,60.35,107.35,2.08,36.76,M2,Vespertino,B,1
192.81,51.29,108.74,2.11,37.04,M2,Vespertino,A,0
187.9,52.95,116.8,4.46,43.05,M1,Matutino,A,0
204.12,51.78,120.85,1.31,33.41,M2,Matutino,C,0
203.05,50.49,118.48,1.65,46.49,M3,Vespertino,A,0
208.1,51.87,81.96,2.53,49.68,M3,Vespertino,B,0
190.0,58.09,112.06,1.83,44.18,M3,Matutino,C,0
189.6,49.19,108.56,3.43,44.15,M3,Nocturno,C,0
196.62,56.28,74.06,2.11,36.51,M2,Matutino,A,0
205.06,56.27,110.33,3.57,53.82,M3,Matutino,A,0
194.63,45.73,108.17,1.98,46.2,M3,Vespertino,B,0
206.26,61.72,91.17,2.95,37.36,M2,Nocturno,C,0
186.88,58.88,116.78,3.02,34.84,M1,Matutino,A,0
185.0,54.13,113.37,2.88,33.57,M3,Nocturno,B,0
210.87,48.61,97.19,2.58,51.61,M3,Matutino,A,1
193.1,48.24,106.28,2.91,34.08,M1,Matutino,A,0
191.24,58.14,98.36,2.87,40.66,M1,Vespertino,B,0
199.96,59.14,122.78,3.12,40.3,M1,Matutino,A,0
208.87,59.07,105.03,2.53,47.56,M1,Nocturno,A,0
175.0,42.22,125.04,5.17,32.25,M3,Vespertino,B,0
193.94,43.23,85.1,3.22,45.07,M2,Vespertino,C,0
211.0,52.78,97.7,3.58,55.01,M1,Vespertino,C,1
200.13,63.72,103.24,3.76,35.09,M2,Matutino,A,1
195.03,55.0,92.55,3.39,41.1,M2,Matutino,A,0
215.94,47.29,104.99,3.04,48.38,M3,Nocturno,B,1
210.83,60.92,99.12,1.99,55.62,M2,Matutino,B,1
208.53,47.12,99.42,2.5,40.15,M1,Vespertino,C,0
197.56,47.14,95.45,2.91,42.85,M2,Matutino,B,1
185.55,55.85,106.24,3.4,47.21,M1,Vespertino,A,0
192.47,59.67,76.59,3.88,63.0,M1,Matutino,C,0
202.99,52.25,85.65,2.92,40.23,M1,Vespertino,C,0
197.41,49.24,91.85,1.0,43.11,M2,Nocturno,A,0
205.58,56.11,88.6,3.27,50.12,M1,Nocturno,C,0
191.57,52.18,92.68,2.33,62.53,M3,Vespertino,C,1
210.59,51.02,118.17,3.84,54.32,M3,Vespertino,C,1
202.59,52.7,91.9,2.33,36.97,M2,Vespertino,A,0
203.29,57.13,105.18,3.44,42.32,M3,Nocturno,C,1
210.43,47.83,101.89,3.16,55.58,M3,Matutino,A,1
204.47,53.56,108.62,4.52,54.39,M3,Vespertino,A,1
197.67,49.45,105.34,2.97,47.48,M2,Nocturno,A,0
213.37,57.06,97.19,3.36,54.68,M1,Nocturno,C,1
201.19,48.76,92.98,2.18,45.21,M2,Matutino,A,0
194.01,63.86,78.03,3.39,53.84,M3,Matutino,B,0
188.03,56.61,105.71,2.32,38.3,M1,Nocturno,C,0
190.72,55.25,110.35,2.74,46.18,M1,Matutino,C,0
197.31,56.74,115.65,4.15,55.27,M3,Matutino,C,1
209.32,61.93,110.34,3.98,42.67,M3,Nocturno,A,1
197.38,42.27,109.05,3.13,31.59,M1,Vespertino,B,0
199.8,57.25,118.36,2.46,45.86,M2,Matutino,A,1
196.37,51.14,115.31,2.82,47.61,M3,Nocturno,C,1
195.89,49.9,86.57,3.47,49.19,M2,Nocturno,C,1
188.61,54.9,113.91,2.65,44.7,M3,Nocturno,C,1
175.0,51.03,107.59,2.89,45.91,M2,Matutino,A,0
202.3,49.28,82.9,2.67,48.73,M3,Matutino,C,0
194.02,58.11,100.48,2.73,35.78,M1,Nocturno,A,0
185.38,50.99,86.43,3.24,52.48,M3,Matutino,C,0
211.69,54.22,84.97,3.05,47.37,M3,Matutino,A,1
183.47,46.17,142.0,4.37,33.68,M1,Nocturno,A,0
190.74,53.18,117.28,3.25,39.81,M2,Vespertino,B,0
205.92,55.06,102.62,2.23,39.92,M3,Nocturno,B,0
190.75,47.33,117.47,2.4,51.19,M3,Vespertino,B,0
216.11,55.35,109.58,2.37,44.43,M1,Nocturno,B,0
195.89,58.76,121.41,2.62,49.89,M1,Vespertino,C,0
191.44,49.35,134.53,3.46,48.59,M2,Vespertino,C,1
210.13,56.82,88.22,2.76,39.21,M1,Matutino,C,1
204.95,58.91,108.99,3.3,50.66,M2,Matutino,B,0
213.85,51.65,88.64,3.66,44.78,M2,Matutino,C,0
210.69,53.64,130.23,4.33,41.93,M3,Nocturno,B,1
200.76,54.55,107.72,3.0,34.65,M3,Matutino,B,0
203.14,46.33,120.51,4.23,49.48,M2,Vespertino,C,1
201.33,47.41,109.35,2.16,36.92,M1,Vespertino,C,1
184.72,50.2,111.28,2.68,51.01,M1,Vespertino,A,0
199.58,53.8,119.25,3.92,53.94,M2,Nocturno,C,1
180.04,59.89,105.37,2.79,45.11,M3,Matutino,A,0
201.85,54.81,89.51,4.11,34.85,M2,Nocturno,A,0
201.91,53.49,84.81,4.13,40.85,M2,Nocturno,C,1
202.7,52.14,135.62,2.52,40.18,M2,Nocturno,B,0
205.05,48.8,116.44,3.14,45.91,M3,Nocturno,C,0
199.44,52.71,117.98,2.78,49.79,M1,Matutino,B,0
199.24,40.32,75.71,2.1,41.35,M3,Vespertino,B,0
200.85,65.77,108.09,1.6,37.74,M3,Vespertino,A,0
210.18,49.18,74.77,1.65,43.98,M1,Nocturno,C,0
190.16,54.13,84.91,3.08,35.4,M3,Matutino,A,1
195.45,44.04,104.59,2.53,43.07,M1,Vespertino,C,0
192.72,50.98,130.51,3.16,53.17,M1,Matutino,A,0
203.89,49.66,100.91,3.22,42.09,M2,Nocturno,C,1
198.12,54.7,85.66,2.75,28.0,M1,Nocturno,A,0
198.29,56.38,90.68,3.1,49.99,M3,Matutino,B,0
220.76,52.44,117.16,1.99,44.78,M3,Vespertino,C,1
204.37,48.8,124.25,1.14,53.74,M1,Matutino,A,0
175.0,48.92,135.45,3.6,39.01,M1,Vespertino,A,0
192.8,49.4,97.57,3.41,46.6,M1,Vespertino,C,1
218.05,55.56,109.2,4.16,48.15,M2,Nocturno,C,1
194.81,50.98,107.66,4.05,40.14,M2,Nocturno,B,1
180.93,46.64,94.08,2.72,38.12,M2,Nocturno,C,0
175.0,54.95,104.76,2.16,41.98,M1,Vespertino,B,0
218.23,50.96,87.46,4.37,59.99,M3,Matutino,B,1
199.41,58.49,114.38,2.18,53.23,M1,Nocturno,A,0
198.36,53.52,96.57,3.12,34.46,M1,Vespertino,B,0
197.36,57.15,116.02,3.33,41.3,M1,Nocturno,A,1
201.76,52.46,100.54,3.07,44.55,M3,Vespertino,C,1
209.57,55.35,104.46,3.17,45.67,M3,Vespertino,A,1
202.22,51.79,98.95,2.4,49.76,M3,Nocturno,B,1
191.17,50.65,117.02,2.97,40.35,M3,Nocturno,B,0
204.05,52.5,105.84,1.74,42.77,M2,Nocturno,C,0
208.18,64.12,111.2,2.86,41.67,M2,Nocturno,A,1
207.06,55.08,103.1,2.8,42.33,M2,Vespertino,C,0
180.58,46.47,118.6,2.31,42.63,M1,Nocturno,A,0
188.18,56.85,107.31,1.97,44.6,M2,Vespertino,B,0
195.04,49.61,89.07,2.62,31.21,M2,Vespertino,A,0
199.43,57.42,102.78,2.84,44.89,M3,Matutino,B,1
180.86,55.77,112.05,1.67,44.56,M1,Matutino,B,0
191.93,50.04,120.11,2.5,40.41,M1,Vespertino,B,0
191.14,62.65,73.07,2.87,39.07,M2,Vespertino,A,0
208.02,49.8,131.31,3.17,46.69,M1,Matutino,B,0
180.8,57.73,111.39,2.88,48.82,M3,Vespertino,A,0
178.56,53.29,121.02,4.23,32.9,M2,Matutino,A,0
189.93,49.47,76.19,2.44,46.12,M2,Nocturno,A,0
200.24,51.14,72.0,2.6,52.79,M1,Matutino,C,0
186.34,53.97,106.72,1.62,45.06,M2,Vespertino,A,0
195.14,48.41,115.78,2.31,42.8,M3,Matutino,B,0
191.97,59.83,103.62,2.91,36.67,M2,Vespertino,A,0
199.98,60.01,117.07,3.36,38.3,M1,Vespertino,C,0
200.8,61.14,87.35,2.41,49.34,M3,Matutino,B,1
182.65,47.47,107.31,3.81,38.56,M3,Vespertino,B,0
190.87,53.34,137.35,3.67,40.53,M3,Matutino,C,1
197.94,56.16,119.22,3.7,44.62,M2,Matutino,C,1
187.73,54.15,127.19,3.07,46.59,M1,Matutino,C,0
182.99,58.77,72.0,2.62,47.68,M3,Matutino,B,0
190.41,55.68,76.78,2.54,40.1,M3,Vespertino,C,0
185.73,60.52,72.0,2.92,56.14,M3,Matutino,B,0
210.31,55.11,94.65,2.95,47.54,M2,Vespertino,C,0
205.78,59.49,72.66,2.82,32.63,M2,Matutino,B,1
192.92,50.96,97.61,3.4,36.99,M1,Vespertino,B,0
221.03,52.78,95.87,2.89,47.09,M2,Vespertino,C,0
182.02,51.19,121.61,1.85,41.57,M3,Vespertino,C,0
192.78,49.4,72.0,2.65,53.7,M3,Vespertino,B,0
184.1,45.19,91.8,2.7,48.37,M1,Matutino,A,0
207.44,58.23,91.17,3.28,53.03,M2,Nocturno,B,1
211.74,67.14,100.03,3.28,37.86,M1,Matutino,C,1
199.29,49.61,104.23,3.15,40.28,M3,Matutino,A,1
194.25,51.74,107.37,2.71,38.79,M1,Matutino,B,0
198.53,59.34,103.04,2.66,39.98,M2,Matutino,A,0
207.33,56.03,117.91,3.28,42.68,M1,Nocturno,A,1
199.1,53.79,85.72,1.96,36.78,M2,Vespertino,C,0
188.67,59.56,104.73,3.2,45.98,M3,Matutino,A,0
197.4,52.64,92.47,2.75,36.24,M1,Vespertino,B,0
210.26,47.75,85.21,2.41,35.05,M3,Nocturno,B,0
191.71,61.58,115.57,2.15,36.25,M1,Matutino,A,0
193.35,51.82,124.52,2.63,47.29,M2,Vespertino,C,0
228.0,57.96,120.59,4.25,38.15,M3,Nocturno,B,1
199.4,56.56,112.69,3.75,38.12,M2,Vespertino,C,0
198.79,47.37,99.21,2.03,39.71,M1,Nocturno,B,0
208.85,52.07,106.48,2.55,56.27,M3,Nocturno,A,1
193.12,47.54,123.57,2.66,46.79,M3,Nocturno,B,1
185.42,55.76,111.22,2.42,38.2,M1,Nocturno,C,0
197.13,54.16,124.54,1.69,43.07,M1,Matutino,B,0
204.75,61.03,78.76,3.01,48.81,M1,Nocturno,C,0
209.51,54.65,104.31,3.46,52.04,M2,Nocturno,B,1
196.61,51.6,92.24,2.49,46.6,M1,Nocturno,A,1
204.18,43.87,80.62,2.3,34.87,M2,Vespertino,A,0
198.35,59.03,103.84,3.16,51.63,M3,Vespertino,A,1
201.49,51.7,97.58,2.5,46.45,M2,Vespertino,A,0
175.0,51.74,132.33,1.09,41.64,M2,Nocturno,B,0
206.35,58.97,111.25,2.67,47.53,M3,Nocturno,A,1
209.55,56.14,108.46,5.22,49.34,M3,Nocturno,A,1
189.94,56.26,126.45,2.9,39.3,M3,Matutino,B,0
211.69,49.54,120.58,3.2,44.92,M2,Nocturno,C,0
208.16,55.57,110.19,4.21,44.56,M1,Vespertino,B,1
195.94,57.04,72.17,1.96,47.31,M1,Vespertino,C,0
197.98,43.65,72.47,3.63,30.86,M1,Nocturno,B,0
199.85,51.95,105.11,2.55,48.18,M2,Vespertino,B,0
206.0,48.38,115.82,3.29,42.6,M3,Vespertino,C,1
205.64,50.59,104.94,2.34,45.26,M2,Vespertino,B,0
193.0,53.84,122.04,1.97,45.9,M1,Nocturno,A,0
214.52,63.52,98.1,4.34,46.28,M3,Nocturno,B,1
203.21,56.86,129.09,3.04,47.62,M3,Vespertino,C,0
183.41,46.93,104.86,1.95,44.96,M1,Vespertino,C,0
202.45,56.68,103.94,3.04,41.75,M1,Matutino,A,0
194.3,46.31,108.15,2.63,47.18,M1,Matutino,C,0
187.84,52.73,100.04,3.35,46.61,M2,Vespertino,B,0
206.29,64.04,94.23,3.17,58.87,M3,Nocturno,B,1
216.78,49.03,103.0,3.76,38.13,M3,Vespertino,C,1
199.15,47.69,104.76,1.88,49.87,M2,Nocturno,A,0
181.71,57.14,123.42,3.17,45.22,M1,Vespertino,B,0
202.37,45.08,98.87,2.12,46.89,M2,Vespertino,A,1
207.39,52.11,90.55,2.42,55.94,M1,Vespertino,A,0
207.68,48.31,99.82,2.64,46.1,M3,Matutino,B,0
187.32,48.18,103.67,2.88,46.34,M1,Vespertino,B,0
198.75,45.1,101.6,3.48,46.96,M3,Matutino,C,1
200.88,55.9,117.59,2.89,45.3,M3,Matutino,B,0
208.06,56.68,120.95,2.91,39.42,M2,Vespertino,B,0
208.25,52.13,122.43,4.02,45.24,M3,Nocturno,C,1
187.66,57.67,117.68,3.06,39.52,M3,Matutino,B,0
192.84,53.7,103.15,2.57,33.47,M1,Nocturno,C,0
192.31,55.53,99.91,3.05,48.24,M2,Nocturno,B,0
182.48,57.1,95.24,2.13,44.92,M2,Nocturno,A,0
200.42,57.54,116.48,2.53,50.66,M2,Matutino,B,1
186.16,54.62,93.73,2.65,41.25,M2,Matutino,A,0
193.16,59.34,125.88,3.71,46.78,M3,Nocturno,C,1
215.17,55.58,72.0,1.54,48.55,M1,Nocturno,B,0
199.06,54.72,132.42,3.31,47.56,M2,Matutino,C,1
198.61,52.68,116.44,3.29,58.86,M2,Nocturno,B,1
199.04,54.99,112.62,2.72,41.91,M2,Matutino,B,0
192.48,54.35,142.0,2.72,29.12,M1,Nocturno,C,0
212.31,53.4,111.45,3.32,50.89,M1,Matutino,C,0
193.41,51.16,100.37,5.03,61.58,M3,Nocturno,A,1
175.0,54.14,106.53,2.96,37.11,M2,Matutino,B,1
175.43,52.93,94.39,3.72,38.75,M1,Nocturno,B,0
205.18,50.95,90.77,2.33,34.59,M1,Vespertino,B,0
190.56,52.53,94.2,1.91,37.69,M1,Vespertino,A,0
175.04,51.68,116.35,2.06,37.96,M3,Matutino,B,0
184.82,58.41,111.39,4.23,40.6,M3,Nocturno,C,1
199.87,47.09,124.03,2.38,48.73,M3,Matutino,B,0
176.07,57.6,113.42,2.15,47.41,M3,Matutino,B,0
187.98,55.13,112.56,3.75,30.27,M2,Nocturno,C,1
198.8,51.37,102.15,2.5,44.04,M1,Matutino,A,0
195.43,45.89,98.21,2.47,36.33,M3,Vespertino,A,0
201.1,49.74,72.0,3.47,32.27,M3,Matutino,A,0
198.51,51.43,124.14,3.32,44.9,M1,Vespertino,B,0
205.35,61.58,95.84,4.82,34.47,M3,Vespertino,A,0
183.32,49.21,91.19,2.49,48.47,M1,Matutino,B,0
200.35,52.22,87.28,3.34,31.47,M1,Vespertino,A,0
194.78,53.33,117.87,3.39,46.05,M3,Vespertino,C,1
188.18,59.31,108.11,2.44,46.11,M1,Nocturno,A,0
196.27,61.4,115.73,3.92,45.81,M3,Nocturno,C,1
202.23,50.61,102.8,3.51,46.64,M1,Vespertino,C,0
185.22,55.08,139.71,1.0,41.92,M2,Vespertino,B,1
201.5,52.78,117.77,2.55,35.99,M1,Nocturno,A,0
192.83,49.89,108.24,3.25,37.27,M2,Nocturno,A,0
211.64,53.19,100.62,4.59,52.61,M2,Nocturno,A,1
209.97,53.95,106.49,2.13,52.73,M1,Matutino,C,0
204.6,62.79,138.21,2.28,43.45,M3,Nocturno,C,1
189.21,49.31,72.0,3.34,31.81,M1,Nocturno,A,0
207.87,54.63,114.2,3.36,47.12,M2,Matutino,A,1
201.84,48.93,126.86,3.72,49.97,M3,Nocturno,A,0
208.11,52.27,96.62,2.55,40.4,M2,Matutino,A,0
207.1,59.0,72.0,2.2,58.99,M2,Nocturno,C,0
175.0,55.84,87.54,1.16,44.03,M3,Nocturno,A,0
201.45,52.06,72.0,2.56,46.52,M1,Vespertino,A,0
213.5,55.23,101.64,1.0,51.79,M1,Vespertino,B,0
183.68,69.0,110.85,2.39,40.01,M1,Matutino,A,1
205.74,51.77,110.05,3.14,47.65,M1,Vespertino,C,0
199.08,56.58,110.99,3.98,39.45,M1,Nocturno,C,0
197.13,48.5,115.6,3.55,45.16,M3,Nocturno,B,0
192.18,46.61,91.68,2.07,48.06,M3,Matutino,A,0
202.65,51.64,86.08,3.15,47.15,M1,Vespertino,A,0
182.44,58.12,109.49,2.87,52.04,M1,Matutino,B,1
210.03,56.7,103.38,4.46,50.66,M3,Vespertino,C,1
189.19,54.58,103.48,1.85,48.71,M3,Matutino,C,0
226.16,49.9,102.71,4.3,54.31,M3,Vespertino,C,1
184.17,51.14,124.57,3.02,43.84,M1,Matutino,A,1
205.99,53.28,96.96,1.99,48.27,M1,Nocturno,A,0
198.81,52.91,120.31,4.42,49.6,M2,Nocturno,B,1
205.97,50.07,76.11,2.37,47.8,M1,Nocturno,A,0
191.37,59.98,108.68,2.53,40.35,M2,Nocturno,A,0
185.23,45.32,110.49,3.41,38.91,M3,Vespertino,A,0
204.67,48.47,107.14,1.93,43.28,M1,Nocturno,A,0
199.07,56.08,117.05,3.89,34.14,M1,Nocturno,C,0
200.21,56.39,119.13,2.12,45.01,M1,Vespertino,A,1
205.24,63.07,110.49,3.86,41.68,M1,Nocturno,A,1
203.43,56.67,111.61,1.56,43.32,M1,Vespertino,A,0
218.12,47.99,94.63,2.46,45.8,M2,Matutino,B,1
195.42,49.52,101.69,2.94,41.49,M1,Matutino,C,0
202.38,49.44,110.62,1.0,61.72,M1,Matutino,C,1
186.42,50.17,114.41,3.5,47.8,M2,Nocturno,B,0
204.49,53.13,93.68,2.48,48.04,M2,Vespertino,A,0
195.59,59.57,114.67,2.76,45.64,M3,Matutino,C,1
203.45,51.84,117.17,1.69,53.23,M1,Nocturno,B,0
196.14,54.82,118.22,2.48,45.56,M2,Vespertino,B,0
204.81,56.09,124.0,3.88,37.83,M1,Matutino,A,0
185.78,47.81,94.26,2.46,39.76,M3,Matutino,C,0
185.89,62.27,121.86,3.48,39.28,M2,Vespertino,B,0
200.31,48.22,112.09,3.17,49.32,M3,Matutino,B,0
202.48,51.5,99.12,2.44,33.16,M3,Nocturno,C,0
201.79,48.66,104.21,2.08,44.82,M2,Vespertino,C,1
193.61,44.24,87.02,2.7,37.32,M3,Matutino,C,0
197.15,61.4,106.24,2.79,47.11,M1,Nocturno,C,0
181.24,57.35,88.72,3.88,53.5,M1,Vespertino,A,0
208.54,51.77,105.53,2.68,50.25,M1,Nocturno,A,0
200.42,53.65,101.2,2.23,49.55,M1,Matutino,C,0
196.68,55.58,134.26,3.18,47.93,M3,Nocturno,A,1
201.01,57.17,79.48,2.55,54.64,M2,Nocturno,A,0
214.8,56.9,88.11,4.15,28.99,M2,Vespertino,B,0
196.29,49.53,119.95,2.66,47.36,M1,Matutino,A,0
192.09,51.99,118.53,3.15,41.99,M3,Nocturno,B,0
202.42,62.36,107.83,2.85,47.82,M1,Matutino,B,1
193.58,47.32,99.46,2.49,38.94,M2,Vespertino,A,0
193.86,54.47,94.33,2.73,39.43,M1,Matutino,A,1
182.23,39.44,95.11,2.41,43.43,M1,Vespertino,A,0
218.52,45.53,107.16,2.64,30.88,M2,Matutino,B,0
200.15,45.43,101.31,2.37,46.15,M3,Vespertino,A,0
183.26,43.5,98.41,2.05,49.57,M2,Nocturno,A,1
199.54,60.79,104.29,2.47,34.5,M2,Matutino,B,0
176.1,54.28,123.68,2.72,38.18,M1,Nocturno,A,0
198.31,58.82,93.15,3.13,47.7,M2,Matutino,B,0
205.34,54.91,130.82,2.12,52.14,M2,Nocturno,B,1
207.44,56.21,114.0,2.06,51.07,M2,Vespertino,C,0
194.76,50.46,108.72,1.7,45.42,M1,Nocturno,B,0
210.48,50.19,102.49,3.66,40.54,M3,Nocturno,A,0
196.53,49.16,104.59,1.99,55.15,M3,Matutino,A,0
186.49,63.04,114.56,3.24,45.52,M3,Vespertino,C,1
209.91,51.59,124.76,2.45,34.42,M3,Matutino,C,0
188.21,51.79,89.05,3.58,60.57,M3,Matutino,C,0
191.39,57.49,135.18,2.92,35.0,M1,Nocturno,A,0
195.57,51.75,122.96,2.24,39.6,M1,Matutino,B,1
189.77,51.18,72.0,2.53,47.35,M1,Matutino,A,0
191.77,41.58,109.43,3.71,38.75,M1,Matutino,A,0
198.23,53.64,101.68,2.29,49.0,M2,Matutino,B,1
183.14,59.89,106.94,2.41,48.42,M2,Nocturno,A,1
200.06,57.6,98.52,3.8,37.78,M3,Nocturno,A,0
199.29,46.82,127.43,1.75,44.35,M3,Nocturno,C,0
205.18,60.26,131.43,2.95,45.47,M2,Vespertino,B,0
204.71,51.5,99.05,4.89,45.33,M2,Matutino,C,1
196.81,54.41,115.5,2.01,44.36,M2,Matutino,B,0
186.39,58.51,123.2,2.58,52.09,M3,Nocturno,B,1
198.49,49.61,124.56,2.93,37.1,M2,Matutino,A,0
208.76,47.49,114.02,3.96,49.75,M1,Vespertino,B,1
190.57,46.85,80.25,2.8,41.95,M1,Nocturno,C,1
179.32,48.54,123.84,1.67,56.36,M1,Nocturno,C,0
204.0,45.69,74.87,2.72,40.98,M2,Matutino,B,0
186.68,55.24,103.41,2.55,48.88,M2,Matutino,C,0
197.53,63.16,95.16,3.31,38.56,M2,Matutino,B,1
206.62,50.07,93.02,1.74,39.58,M1,Nocturno,A,0
198.37,42.58,99.54,2.53,43.95,M1,Matutino,A,0
189.89,51.93,106.41,4.48,42.47,M1,Matutino,A,1
206.23,55.08,107.22,2.36,49.21,M1,Vespertino,B,0
201.97,38.0,102.76,2.13,44.62,M3,Nocturno,A,0
189.85,52.09,95.81,3.95,43.25,M2,Nocturno,C,0
179.91,54.01,74.12,3.36,39.65,M3,Matutino,B,0
216.01,55.48,101.93,5.27,48.8,M3,Nocturno,C,1
209.94,55.2,104.94,3.78,46.65,M2,Vespertino,B,0
206.63,52.57,108.59,1.65,32.05,M2,Matutino,A,0
206.07,55.33,119.55,3.81,60.86,M3,Matutino,C,1
207.41,60.07,77.69,3.22,39.58,M1,Nocturno,B,1
197.42,46.45,114.41,4.03,52.61,M2,Nocturno,C,1
198.35,44.65,98.95,2.64,32.2,M1,Matutino,B,0
202.02,51.83,98.48,1.62,42.28,M1,Nocturno,C,0
207.41,51.42,106.68,3.69,28.0,M3,Nocturno,A,1
190.07,57.49,118.5,3.96,42.19,M3,Nocturno,A,0
207.82,49.88,113.38,2.79,43.48,M3,Matutino,C,0
197.97,55.83,109.92,2.94,35.54,M3,Vespertino,C,0
197.77,52.37,93.24,1.83,41.49,M3,Matutino,A,0
206.91,47.48,104.86,2.78,45.69,M2,Matutino,C,1
203.67,54.18,106.58,2.95,54.43,M3,Vespertino,C,1
189.46,58.35,125.58,3.47,34.66,M2,Matutino,B,0
191.87,59.84,84.58,2.97,36.21,M1,Nocturno,C,0
188.84,54.39,103.31,1.46,42.46,M1,Matutino,C,0
195.06,57.58,87.7,3.57,38.13,M2,Nocturno,B,0
189.12,56.21,100.28,2.73,33.29,M2,Vespertino,B,0
197.62,59.02,73.53,2.51,38.08,M3,Nocturno,A,0
204.0,50.88,112.68,4.75,56.26,M3,Nocturno,B,1
200.27,54.69,92.09,2.51,47.07,M1,Nocturno,A,0
186.46,54.98,105.52,3.57,47.54,M1,Matutino,A,0
193.13,43.32,119.73,2.4,47.36,M3,Nocturno,A,0
195.04,49.27,115.57,1.74,53.81,M1,Nocturno,A,0
210.69,60.1,108.61,3.79,54.36,M2,Nocturno,C,1
213.85,49.88,85.84,2.97,43.6,M3,Matutino,C,0
207.08,46.32,94.26,2.5,44.49,M2,Nocturno,A,0
216.66,58.91,89.34,3.04,53.88,M3,Nocturno,C,1
196.13,54.98,121.92,3.48,38.18,M2,Nocturno,B,0
203.24,43.96,90.05,2.79,39.76,M1,Matutino,A,0
214.51,58.9,113.34,3.38,46.13,M1,Nocturno,C,1
192.85,53.27,107.12,3.69,47.5,M1,Matutino,C,0
195.13,57.6,85.57,2.96,39.33,M1,Nocturno,C,0
193.55,51.4,98.35,1.86,45.88,M3,Matutino,A,0
198.97,43.17,131.23,4.73,45.14,M2,Matutino,C,0
218.74,58.66,107.34,3.29,57.52,M1,Nocturno,B,1
183.94,48.17,80.78,1.61,45.78,M3,Matutino,B,1
199.31,56.73,106.4,3.28,56.51,M3,Nocturno,C,1
197.19,54.1,101.36,2.45,38.28,M1,Vespertino,C,0
204.12,56.43,114.62,2.4,45.37,M2,Vespertino,C,0
181.52,61.87,110.45,3.04,38.6,M1,Vespertino,A,0
191.93,55.23,76.01,3.47,44.24,M2,Vespertino,B,0
191.99,50.28,98.37,2.38,45.69,M3,Matutino,B,0
205.5,64.07,116.26,2.35,40.79,M1,Nocturno,C,1
189.65,52.09,99.27,2.76,53.85,M2,Matutino,A,0
204.52,47.64,116.08,4.74,39.63,M2,Matutino,C,1
192.73,62.42,86.68,2.42,39.48,M3,Matutino,C,0
175.2,56.67,105.83,3.13,48.24,M1,Vespertino,B,0
192.15,56.95,104.15,3.18,52.35,M3,Vespertino,A,0
182.83,51.34,97.68,2.74,44.05,M3,Nocturno,B,0
190.54,50.85,93.34,3.63,49.35,M1,Matutino,C,0
194.68,43.83,100.91,3.38,45.26,M1,Matutino,B,1
188.46,59.9,86.9,2.79,38.55,M1,Vespertino,C,0
202.78,57.51,87.27,4.52,41.4,M3,Nocturno,C,0
209.38,55.86,97.0,2.29,48.14,M1,Matutino,C,0
188.7,53.81,93.89,1.9,55.45,M2,Nocturno,B,1
182.63,46.68,107.12,3.74,43.03,M1,Matutino,B,0
194.92,53.0,96.94,2.43,35.57,M1,Matutino,A,0
200.4,57.84,79.47,1.89,28.36,M2,Nocturno,C,0
199.47,47.11,119.68,1.62,36.14,M1,Matutino,A,0
201.55,56.28,104.63,1.66,44.73,M2,Nocturno,A,0
194.66,52.88,105.69,2.33,50.95,M3,Vespertino,B,1
205.08,61.55,115.49,3.96,40.01,M3,Vespertino,B,1
202.15,58.61,118.73,3.02,52.17,M3,Nocturno,B,1
212.57,52.94,102.21,2.51,43.74,M2,Matutino,C,0
180.32,54.45,121.63,3.41,36.62,M2,Vespertino,B,0
188.95,53.05,120.92,2.17,45.1,M2,Nocturno,B,0
194.39,55.93,117.93,3.92,41.96,M1,Matutino,C,1
200.97,54.47,80.15,2.29,39.77,M1,Matutino,A,0
195.72,49.2,107.9,3.02,48.27,M1,Matutino,B,1
207.09,51.08,90.63,3.08,44.99,M2,Nocturno,A,1
192.08,57.68,103.89,2.65,36.56,M1,Vespertino,C,0
210.39,56.09,103.74,2.14,50.75,M1,Matutino,C,0
207.3,52.91,116.23,2.66,45.94,M1,Matutino,A,0
201.99,58.85,108.17,2.6,37.74,M2,Nocturno,B,0
191.25,56.26,109.8,1.44,47.75,M2,Nocturno,B,0
199.2,58.79,120.65,2.89,51.44,M3,Matutino,C,0
191.32,50.37,120.84,2.3,44.76,M2,Matutino,B,0
193.62,65.86,124.14,3.24,32.46,M3,Nocturno,C,1
194.26,59.88,115.39,1.93,40.4,M2,Vespertino,B,0
198.57,50.78,131.11,2.66,52.23,M1,Matutino,B,0
183.53,49.29,107.9,4.45,49.03,M2,Matutino,B,0
207.81,50.92,138.93,2.86,57.31,M3,Nocturno,C,1
193.63,56.46,114.63,5.17,49.8,M2,Matutino,B,0
185.31,58.59,97.33,1.76,47.66,M1,Nocturno,B,1
216.73,45.17,109.63,3.33,46.62,M3,Vespertino,B,1
211.48,51.91,116.22,4.69,41.92,M2,Matutino,A,1
186.48,48.77,111.28,2.47,45.91,M2,Matutino,A,0
178.07,55.26,122.62,1.52,38.61,M1,Vespertino,A,0
187.0,61.17,99.03,2.75,42.75,M1,Matutino,A,0
177.2,59.34,86.91,3.6,36.41,M3,Vespertino,C,0
212.62,56.26,105.34,3.67,49.31,M3,Nocturno,C,1
200.27,42.11,106.85,4.43,42.41,M2,Matutino,A,0
203.26,45.37,102.63,2.92,41.17,M2,Matutino,A,0
194.45,51.45,95.7,1.86,50.36,M2,Vespertino,A,0
178.15,47.11,87.91,1.35,44.17,M1,Nocturno,B,0
195.55,54.44,105.4,2.83,32.43,M3,Nocturno,B,0
214.51,59.91,95.83,3.14,45.7,M2,Vespertino,B,0
207.07,47.12,72.0,4.05,43.81,M1,Nocturno,A,1
210.73,54.7,107.0,1.65,47.01,M1,Nocturno,C,0
204.06,59.37,99.74,2.33,34.85,M3,Nocturno,A,0
186.55,48.54,107.79,3.42,42.02,M3,Matutino,A,0
183.93,46.75,89.58,2.99,40.87,M1,Nocturno,C,0
182.0,52.97,116.01,2.77,30.02,M3,Vespertino,A,1
202.19,47.15,102.72,3.37,44.17,M3,Matutino,A,0
205.05,44.14,83.16,2.86,37.15,M2,Vespertino,B,0
210.15,50.09,129.06,2.94,41.13,M1,Vespertino,C,0
179.86,60.18,113.99,2.72,36.25,M1,Matutino,C,0
199.87,60.01,87.58,3.32,52.98,M3,Vespertino,C,1
204.5,64.67,126.46,2.66,42.34,M3,Vespertino,B,1
206.74,63.9,117.62,2.7,46.37,M3,Matutino,C,1
206.2,60.89,116.16,3.46,37.45,M2,Nocturno,C,1
197.45,48.94,96.92,2.87,37.12,M1,Vespertino,B,0
193.26,55.3,85.57,2.65,47.77,M1,Matutino,A,0
186.69,45.71,118.98,2.44,38.07,M2,Vespertino,A,0
228.0,55.82,121.69,3.58,57.71,M2,Vespertino,B,1
201.62,47.82,98.55,3.44,44.09,M2,Vespertino,C,0
219.77,61.23,104.19,3.77,38.21,M3,Vespertino,C,1
206.74,50.88,94.9,2.84,30.0,M1,Vespertino,B,0
213.91,57.26,92.62,1.83,45.49,M1,Nocturno,A,0
214.68,49.5,112.96,2.45,41.32,M3,Matutino,A,0
193.48,59.96,111.15,2.67,38.31,M3,Nocturno,A,0
204.81,45.01,86.27,3.14,53.9,M2,Matutino,C,0
202.35,58.49,104.93,3.02,54.94,M2,Matutino,A,1
212.63,59.38,112.4,3.21,42.62,M3,Nocturno,B,1
213.78,53.1,108.62,1.84,46.98,M1,Matutino,A,1
189.6,62.31,102.34,3.12,46.75,M2,Nocturno,A,0
195.6,55.97,127.75,2.11,28.16,M2,Matutino,A,0
194.15,58.0,113.13,3.01,39.95,M2,Nocturno,A,0
191.98,50.32,123.57,3.11,37.99,M1,Matutino,A,0
197.42,59.79,125.41,3.69,38.89,M2,Matutino,C,1
194.58,56.83,94.84,2.68,38.98,M3,Nocturno,A,1
195.59,56.35,118.91,3.46,48.81,M1,Vespertino,A,0
184.28,61.1,91.96,1.95,48.44,M1,Vespertino,B,0
181.42,54.66,101.95,2.67,46.33,M3,Matutino,C,0
213.84,51.64,93.03,2.13,46.02,M1,Vespertino,A,0
210.15,55.01,88.69,4.07,49.85,M2,Nocturno,B,1
208.87,60.43,124.8,2.74,44.63,M1,Nocturno,C,1
221.09,57.09,111.78,3.23,41.57,M2,Vespertino,C,1
188.43,47.38,135.78,2.34,33.9,M1,Vespertino,B,0
202.23,46.73,122.63,2.88,49.36,M2,Matutino,C,0
214.63,55.02,85.79,1.6,41.24,M3,Matutino,B,1
205.55,63.21,108.79,3.04,42.72,M2,Nocturno,C,0
188.33,47.21,92.56,4.3,38.71,M2,Vespertino,A,0
199.88,55.22,127.49,4.13,45.07,M2,Matutino,A,1
199.39,57.06,107.57,4.28,50.68,M3,Nocturno,A,1
204.2,53.14,103.18,2.72,31.62,M1,Matutino,A,0
205.06,55.93,103.23,3.53,57.87,M2,Nocturno,A,1
186.76,51.86,104.32,2.56,40.41,M2,Vespertino,C,0
175.43,57.56,106.01,2.42,28.0,M3,Nocturno,A,0
218.93,51.99,126.27,3.46,47.12,M2,Vespertino,A,1
196.46,54.68,84.1,1.46,52.62,M3,Matutino,A,0
197.39,54.14,99.31,2.31,45.13,M1,Matutino,A,0
201.68,57.63,129.59,3.96,49.78,M2,Vespertino,B,1
209.47,54.19,109.96,3.86,49.45,M1,Vespertino,B,1
182.18,58.77,118.31,1.77,50.61,M3,Matutino,A,1
198.64,58.51,87.55,5.25,48.71,M2,Vespertino,A,1
176.79,54.05,113.92,2.11,44.22,M2,Vespertino,B,0
190.53,54.38,133.86,2.24,55.3,M3,Matutino,C,0
191.76,46.39,105.37,2.6,34.88,M2,Vespertino,C,0
195.38,46.46,100.83,2.42,37.39,M1,Matutino,A,0
187.6,58.8,102.14,3.76,35.93,M2,Vespertino,C,0
198.09,60.62,82.92,3.3,45.62,M1,Matutino,C,0
187.29,57.96,130.36,2.51,46.8,M1,Nocturno,A,0
205.36,56.74,101.61,2.93,51.27,M2,Nocturno,C,0
204.92,47.13,98.85,3.89,58.77,M1,Matutino,A,0
208.83,50.89,108.76,4.03,58.5,M1,Vespertino,A,1
202.73,57.79,103.5,2.27,59.92,M3,Nocturno,A,1
199.3,60.05,72.0,3.17,38.19,M2,Vespertino,A,0
203.28,61.44,110.72,4.16,40.1,M3,Nocturno,C,1
205.28,58.44,102.83,2.73,42.17,M2,Nocturno,A,1
189.32,52.79,123.54,2.44,40.25,M1,Matutino,A,0
193.33,53.21,91.65,2.04,63.0,M3,Vespertino,A,0
201.01,55.3,112.75,3.09,54.58,M3,Vespertino,B,1
196.25,53.3,104.52,2.56,45.04,M1,Vespertino,C,0
228.0,56.55,104.1,5.48,49.12,M2,Nocturno,C,1
186.92,48.81,115.38,2.99,28.0,M3,Nocturno,C,0
199.31,57.81,105.87,3.3,40.63,M3,Matutino,B,0
219.11,61.74,104.43,2.18,46.8,M1,Matutino,C,0
189.87,54.8,102.35,2.08,52.29,M3,Vespertino,C,0
190.28,52.12,110.71,3.17,51.21,M3,Matutino,C,0
177.22,60.74,100.16,2.5,33.54,M3,Matutino,B,0
186.14,59.62,120.12,2.13,41.51,M2,Matutino,B,0
200.66,57.93,86.1,1.65,43.86,M2,Matutino,C,0
203.24,55.14,127.72,2.4,43.93,M1,Vespertino,A,1
211.23,48.34,80.4,3.03,47.17,M1,Nocturno,A,0
209.32,42.44,108.19,1.97,48.12,M3,Nocturno,C,1
195.78,58.17,123.38,2.5,37.82,M2,Vespertino,B,0
192.52,39.86,86.29,3.22,40.66,M3,Vespertino,A,0
209.82,60.86,138.78,3.47,54.49,M2,Nocturno,B,1
206.54,59.96,111.67,2.05,39.44,M3,Matutino,A,0
199.95,54.11,89.63,2.43,43.66,M2,Nocturno,B,0
186.33,51.68,109.84,2.21,45.99,M1,Vespertino,B,0
190.71,51.99,72.0,2.1,47.5,M1,Vespertino,C,0
219.09,47.42,109.38,2.69,49.4,M1,Nocturno,A,1
198.66,61.17,122.14,3.45,54.96,M2,Nocturno,B,1
199.76,54.91,115.64,4.07,54.61,M1,Vespertino,C,1
210.27,59.62,103.11,1.84,32.42,M1,Nocturno,B,0
195.7,61.1,118.28,3.0,51.09,M1,Nocturno,C,1
194.6,56.12,91.98,3.18,46.67,M1,Vespertino,B,0
220.2,56.64,105.09,3.07,39.96,M3,Vespertino,C,1
188.94,50.92,113.62,2.01,49.21,M2,Nocturno,B,0
197.34,61.56,134.12,1.38,53.12,M3,Vespertino,B,0
182.16,53.61,102.55,2.51,47.46,M3,Vespertino,A,0
180.87,49.34,91.16,3.19,42.22,M3,Matutino,C,0
225.28,51.56,107.43,4.34,42.26,M3,Vespertino,C,0
201.5,43.13,95.02,3.1,36.67,M1,Matutino,A,0
201.2,52.73,109.13,2.82,48.9,M3,Matutino,B,0
215.31,52.19,91.41,3.53,53.61,M3,Vespertino,C,1
203.44,50.65,135.99,2.4,35.23,M2,Matutino,B,0
208.32,51.25,120.64,2.48,44.87,M3,Nocturno,B,0
187.49,57.01,131.61,1.0,45.67,M3,Vespertino,A,1
179.65,53.85,103.91,1.58,37.52,M3,Nocturno,B,0
182.88,49.35,84.74,3.51,41.76,M2,Matutino,B,0
207.93,52.57,113.04,3.47,49.83,M3,Vespertino,C,1
183.18,58.59,106.55,3.01,42.73,M2,Nocturno,B,0
214.54,42.31,106.6,2.15,50.37,M1,Vespertino,C,1
204.29,47.69,81.48,2.03,38.64,M3,Vespertino,B,0
194.03,54.99,100.14,2.19,41.28,M2,Matutino,B,0
198.16,59.92,104.9,2.28,35.9,M3,Nocturno,A,0
183.58,57.27,123.11,1.46,33.57,M2,Matutino,A,0
175.0,56.94,123.52,2.02,45.71,M3,Vespertino,A,1
175.53,58.28,104.05,1.64,40.9,M1,Nocturno,A,1
199.74,55.57,88.76,1.82,54.6,M3,Matutino,C,0
209.76,50.77,121.82,3.83,41.12,M1,Nocturno,C,0
196.39,43.36,122.19,1.97,43.46,M2,Nocturno,B,0
192.12,44.64,90.36,1.94,43.02,M1,Matutino,B,0
185.89,54.29,98.94,2.92,41.1,M2,Vespertino,B,0
190.9,48.0,106.34,2.33,45.37,M2,Nocturno,C,0
214.84,67.26,118.25,5.07,59.56,M3,Vespertino,C,1
214.18,57.72,98.07,2.68,45.26,M1,Matutino,B,0
202.1,51.38,100.3,3.01,37.76,M1,Vespertino,B,0
187.93,51.51,109.51,2.79,46.52,M3,Matutino,A,0
201.13,50.76,103.6,2.47,50.03,M3,Vespertino,C,0
195.27,56.82,129.39,2.87,51.76,M1,Nocturno,C,0
182.82,57.51,76.58,1.09,39.18,M1,Matutino,B,1
207.9,53.47,115.71,2.03,50.64,M3,Matutino,C,0
195.41,58.47,112.9,1.92,57.36,M3,Vespertino,C,1
194.79,50.41,111.59,2.32,41.58,M1,Matutino,C,0
207.84,53.0,117.1,2.02,40.65,M3,Matutino,B,0
206.02,45.07,91.29,3.17,41.74,M2,Nocturno,C,0
198.1,58.39,124.98,2.02,33.56,M3,Vespertino,C,0
201.35,63.05,99.38,2.75,54.91,M2,Vespertino,A,1
220.67,47.01,111.83,3.13,52.21,M1,Vespertino,C,0
207.72,53.87,99.66,3.55,44.32,M2,Matutino,A,0
207.7,55.18,111.96,4.13,44.26,M3,Vespertino,C,0
222.21,47.98,76.28,2.55,37.23,M2,Nocturno,A,0
175.0,51.79,96.67,1.14,44.48,M3,Nocturno,A,0
177.6,48.66,99.28,5.18,54.48,M2,Vespertino,A,0
179.17,61.57,90.89,2.76,38.77,M3,Vespertino,B,1
175.0,52.5,119.26,3.13,43.11,M3,Vespertino,A,0
184.98,52.73,95.55,3.0,48.7,M1,Vespertino,C,0
195.33,49.34,111.34,2.71,43.58,M1,Nocturno,B,0
176.09,69.0,74.73,1.0,40.61,M2,Nocturno,A,0
219.36,51.45,94.64,3.16,32.93,M2,Nocturno,C,0
205.16,54.19,106.79,3.47,51.83,M2,Matutino,A,0
207.32,57.9,89.78,2.78,44.42,M3,Vespertino,A,1
216.52,55.85,93.11,3.22,46.92,M3,Vespertino,A,0
203.71,52.66,93.59,2.02,51.95,M1,Matutino,B,0
193.27,51.87,128.68,2.99,48.72,M3,Matutino,B,0
192.75,51.48,118.44,2.93,54.61,M1,Nocturno,A,0
178.59,50.07,112.01,1.65,32.59,M1,Vespertino,A,0
193.78,49.56,75.79,2.48,43.7,M2,Nocturno,B,0
194.59,43.31,110.63,3.49,47.48,M3,Matutino,A,0
189.63,49.47,98.74,2.46,48.33,M1,Vespertino,C,1
196.58,48.56,121.52,2.75,31.4,M1,Matutino,A,1
197.78,59.33,114.4,2.35,37.95,M3,Vespertino,A,0
209.94,51.38,111.07,2.46,49.75,M1,Nocturno,C,1
207.89,58.28,75.89,3.96,40.45,M3,Vespertino,C,1
196.15,47.83,108.95,3.64,38.5,M3,Nocturno,C,0
188.85,57.46,133.8,3.02,39.92,M2,Vespertino,A,1
206.79,46.72,96.19,3.26,55.82,M1,Nocturno,A,0
197.86,44.88,107.9,3.1,37.32,M2,Vespertino,C,0
191.04,53.21,121.47,2.32,40.9,M1,Vespertino,C,0
205.56,61.34,103.1,2.4,39.23,M1,Nocturno,A,0
196.25,54.9,95.82,3.17,56.79,M3,Vespertino,A,1
210.77,54.14,110.74,2.22,46.63,M2,Matutino,B,1
192.52,53.61,78.44,2.23,41.87,M3,Nocturno,A,0
194.95,43.47,89.04,2.32,45.82,M1,Vespertino,A,0
201.15,55.77,93.01,3.87,31.4,M1,Nocturno,C,0
175.0,56.15,99.29,2.37,53.57,M1,Vespertino,A,0
197.16,45.79,103.37,2.81,54.5,M1,Nocturno,A,0
197.07,53.94,113.97,2.15,39.36,M2,Vespertino,C,0
197.05,41.48,83.26,3.69,46.35,M2,Vespertino,B,0
197.63,53.75,116.9,2.42,43.65,M2,Nocturno,A,0
204.23,53.17,104.38,3.5,46.76,M2,Nocturno,B,1
190.63,57.84,105.48,2.27,39.32,M2,Nocturno,C,0
222.92,55.63,112.13,4.02,42.79,M3,Vespertino,A,1
175.6,61.62,112.11,2.59,36.31,M1,Matutino,B,1
175.0,53.92,131.81,2.35,53.45,M2,Vespertino,C,0
199.46,47.89,83.1,3.04,38.66,M1,Nocturno,B,0
211.29,50.85,106.86,1.0,32.73,M2,Vespertino,A,0
189.78,49.25,115.34,2.18,46.94,M1,Vespertino,A,0
192.38,47.9,119.87,2.55,39.57,M3,Matutino,B,0
204.03,59.78,106.0,3.15,38.75,M2,Vespertino,A,0
203.75,49.91,102.99,4.72,53.24,M3,Nocturno,B,1
185.38,54.57,102.43,2.31,46.91,M3,Vespertino,A,0
194.43,62.37,94.81,2.42,49.1,M1,Nocturno,A,0
208.97,57.32,106.19,3.21,39.38,M2,Vespertino,B,0
214.98,54.09,123.93,3.25,56.61,M2,Matutino,C,1
211.49,53.67,119.65,3.07,29.7,M3,Matutino,C,0
202.08,47.56,115.55,2.65,40.14,M1,Matutino,A,0
203.23,47.97,106.85,3.51,50.45,M3,Nocturno,B,1
200.91,58.23,115.7,2.4,43.2,M2,Vespertino,B,0
203.5,61.95,101.91,4.06,41.17,M1,Nocturno,B,1
189.4,52.65,87.11,2.47,44.8,M3,Vespertino,A,0
207.41,56.1,124.89,2.23,51.26,M2,Vespertino,B,0
177.29,54.75,117.05,3.13,46.63,M3,Nocturno,A,1
211.4,50.26,112.86,1.96,54.37,M2,Nocturno,C,0
206.35,55.86,111.22,3.36,45.07,M3,Matutino,B,1
187.01,38.43,106.77,2.99,54.92,M1,Vespertino,B,0
222.42,61.72,101.66,4.87,49.15,M1,Nocturno,C,1
198.93,51.61,118.94,3.42,45.6,M2,Vespertino,A,0
208.63,50.05,126.2,2.0,35.77,M2,Matutino,A,0
176.06,47.36,76.98,2.51,51.97,M2,Vespertino,A,0
200.56,44.05,101.16,2.11,30.07,M2,Matutino,A,0
193.57,48.78,94.09,2.66,46.66,M3,Vespertino,C,1
196.21,58.21,107.36,2.2,39.35,M2,Nocturno,A,0
207.72,54.05,117.55,3.53,34.56,M3,Matutino,A,0
208.66,50.6,114.04,3.22,52.87,M1,Matutino,A,0
189.71,49.53,124.35,1.88,47.03,M1,Vespertino,C,0
212.85,58.65,77.16,2.82,38.37,M2,Matutino,A,1
192.3,62.09,114.94,4.0,55.95,M2,Nocturno,A,1
196.71,57.45,77.24,1.98,47.67,M1,Nocturno,A,0
179.32,63.81,79.11,2.48,31.85,M3,Nocturno,B,0
204.48,51.18,93.25,2.28,45.36,M1,Vespertino,B,0
182.18,57.68,110.37,3.38,37.97,M1,Matutino,C,0
184.84,57.84,115.48,3.52,54.55,M2,Vespertino,B,0
183.76,67.27,105.24,2.25,50.89,M3,Matutino,C,1
189.61,52.6,100.27,2.32,43.47,M1,Matutino,C,0
215.94,53.06,106.04,2.05,45.79,M2,Nocturno,B,0
196.75,48.99,120.11,2.16,44.63,M1,Matutino,A,0
210.44,53.87,95.11,3.0,44.9,M2,Matutino,C,0
204.03,48.3,86.41,2.8,41.48,M2,Matutino,C,1
209.87,63.59,106.7,5.36,47.72,M2,Matutino,B,1
210.22,56.13,121.13,2.8,47.73,M3,Matutino,C,0
186.74,52.37,78.15,2.74,43.11,M1,Matutino,C,0
175.0,47.54,82.42,2.26,31.69,M2,Nocturno,B,0
208.3,56.22,123.38,1.99,32.51,M2,Matutino,A,0
195.44,56.59,129.8,3.64,54.98,M2,Vespertino,A,1
186.03,59.02,108.67,2.0,41.12,M3,Vespertino,B,0
213.43,59.95,118.23,1.67,39.13,M3,Vespertino,B,0
187.85,49.06,98.17,2.87,46.07,M1,Matutino,A,0
189.12,67.87,93.23,2.32,30.65,M2,Nocturno,C,0
184.44,50.63,89.47,3.39,48.71,M2,Nocturno,C,0
196.27,51.48,104.42,1.05,35.97,M1,Nocturno,C,0
177.3,56.93,94.07,1.93,41.25,M2,Matutino,A,0
205.58,49.71,126.01,1.0,47.93,M2,Nocturno,C,0
195.32,58.31,90.22,1.99,53.71,M3,Nocturno,B,0
175.0,52.48,80.93,4.09,50.76,M1,Nocturno,C,1
196.25,44.39,104.73,1.66,52.73,M2,Vespertino,C,0
191.45,62.39,102.84,3.38,49.13,M2,Nocturno,B,0
212.05,58.33,97.75,2.56,40.19,M2,Matutino,A,0
197.22,49.02,93.24,2.84,50.14,M1,Matutino,A,0
205.91,59.1,98.53,2.64,43.73,M1,Vespertino,B,0
208.16,53.82,90.16,1.0,37.73,M3,Matutino,B,0
194.53,48.57,92.77,1.24,42.95,M3,Vespertino,B,0
198.37,51.44,112.59,3.23,43.16,M3,Vespertino,C,0
184.4,67.32,85.11,4.11,43.14,M1,Nocturno,C,0
186.01,51.59,85.47,2.73,48.94,M3,Nocturno,A,0
186.08,54.09,81.46,3.5,54.56,M2,Vespertino,B,0
197.2,47.4,118.39,3.39,48.55,M2,Matutino,C,1
197.6,48.89,127.86,2.17,46.92,M2,Matutino,C,0
211.27,59.87,118.03,2.42,49.18,M1,Nocturno,A,0
202.01,44.99,131.92,3.93,49.23,M1,Vespertino,A,0
207.39,45.45,97.84,3.78,38.9,M1,Matutino,A,0
183.8,54.14,84.67,2.61,41.09,M1,Vespertino,B,0
205.52,53.63,99.91,2.4,49.28,M3,Vespertino,A,0
195.39,48.75,120.05,2.7,50.4,M2,Vespertino,B,0
194.8,65.3,119.57,2.34,51.69,M2,Nocturno,A,1
191.53,46.92,87.97,3.63,48.69,M3,Matutino,B,0
200.85,46.35,103.3,2.13,51.61,M2,Matutino,C,0
193.75,54.86,105.45,3.98,50.72,M1,Matutino,A,0
195.95,47.36,92.08,2.48,50.95,M2,Matutino,C,0
200.06,51.68,98.31,3.54,46.36,M3,Vespertino,A,0
192.31,55.27,112.81,1.54,42.45,M1,Vespertino,C,0
190.92,53.14,94.7,3.23,39.32,M1,Vespertino,A,0
189.97,61.17,130.73,2.15,51.44,M2,Vespertino,A,0
204.02,64.22,87.38,2.49,39.14,M2,Vespertino,A,0
198.02,56.46,138.55,2.79,48.81,M3,Vespertino,B,1
205.83,55.8,95.71,2.25,62.27,M2,Vespertino,A,1
190.66,41.0,119.89,2.99,56.37,M1,Nocturno,A,0
193.21,64.55,130.08,2.86,46.48,M3,Vespertino,B,0
208.7,56.67,91.03,3.69,47.73,M2,Nocturno,A,1
187.21,56.76,133.6,2.53,34.18,M2,Nocturno,C,0
205.18,55.58,110.63,2.28,36.92,M2,Matutino,B,0
207.77,63.81,88.78,3.7,55.05,M2,Vespertino,A,0
203.09,56.57,97.68,2.72,29.64,M1,Matutino,B,0
192.97,55.1,86.98,2.65,43.13,M3,Matutino,C,0
209.61,55.85,125.39,3.2,40.72,M2,Vespertino,A,0
202.86,52.52,82.46,3.55,50.52,M3,Vespertino,A,0
206.91,45.31,108.52,3.73,44.97,M3,Vespertino,A,1
190.28,55.5,72.0,4.19,29.87,M1,Matutino,C,0
208.68,54.12,105.63,2.32,45.29,M1,Matutino,B,1
215.52,59.8,120.59,3.68,37.49,M3,Vespertino,A,1
189.17,57.36,81.82,2.26,36.43,M3,Matutino,B,0
200.48,48.15,107.96,2.25,35.94,M3,Vespertino,A,0
206.64,45.87,114.64,3.32,32.93,M1,Vespertino,A,0
200.08,46.18,95.32,2.27,42.72,M2,Matutino,A,0
201.68,46.14,95.32,2.46,41.21,M1,Vespertino,B,0
186.81,51.18,100.66,4.26,48.31,M3,Nocturno,A,0
193.45,55.1,125.58,2.02,49.7,M1,Nocturno,A,1
201.02,49.76,100.98,3.48,46.05,M2,Vespertino,B,1
199.07,64.66,94.49,2.0,38.09,M1,Vespertino,B,0
206.67,52.98,82.45,2.97,39.84,M1,Vespertino,C,0
210.33,52.04,91.49,2.45,47.13,M1,Vespertino,B,1
210.95,51.7,110.89,3.42,42.84,M3,Nocturno,C,1
188.36,54.41,90.66,1.0,44.09,M1,Vespertino,B,0
191.48,59.15,95.27,2.55,44.49,M1,Matutino,A,1
202.18,51.64,102.41,2.71,36.79,M3,Nocturno,B,0
195.62,48.88,97.22,4.11,53.83,M1,Matutino,C,1
225.0,56.33,110.42,3.33,44.97,M2,Nocturno,A,1
205.66,57.32,113.77,2.66,42.48,M2,Vespertino,B,0
186.23,54.78,101.39,1.62,47.06,M2,Vespertino,A,0
206.47,56.85,94.39,2.08,48.31,M3,Nocturno,A,0
188.26,55.63,109.88,3.02,31.76,M1,Nocturno,A,0
194.12,54.99,87.83,2.2,36.62,M2,Matutino,B,0
200.39,52.97,105.34,3.39,28.0,M2,Nocturno,B,0
204.41,56.95,118.1,3.92,56.86,M1,Matutino,C,1
191.89,56.27,124.04,1.68,46.04,M2,Nocturno,B,0
198.06,50.13,141.62,2.49,46.96,M1,Nocturno,A,0
188.94,48.14,118.54,2.8,42.94,M3,Nocturno,C,0
218.22,41.11,91.78,1.0,36.5,M3,Matutino,C,0
192.72,53.0,94.61,2.45,50.85,M3,Nocturno,B,0
210.08,56.58,115.99,4.04,42.65,M2,Nocturno,C,1
185.61,44.84,108.17,3.4,42.3,M3,Matutino,B,0
212.37,43.23,101.23,2.31,53.45,M3,Vespertino,C,1
187.79,45.8,112.03,2.53,41.72,M1,Nocturno,B,0
216.49,52.15,102.49,3.08,40.95,M2,Nocturno,A,0
195.22,53.17,108.86,3.21,36.49,M2,Vespertino,C,0
187.52,50.88,115.33,2.9,43.23,M3,Matutino,A,0
199.08,58.89,99.4,3.05,56.75,M2,Matutino,B,1
188.61,51.31,97.68,2.94,48.22,M1,Vespertino,C,0
196.59,48.31,102.24,3.02,52.24,M2,Nocturno,B,0
187.61,56.57,135.01,3.01,37.76,M2,Matutino,A,0
184.75,59.02,73.52,2.89,37.08,M2,Matutino,B,0
179.87,52.76,119.22,2.21,47.04,M3,Vespertino,A,0
190.84,51.43,110.24,4.02,41.55,M1,Vespertino,A,0
217.37,58.38,72.0,1.99,46.07,M1,Matutino,B,0
212.28,46.41,114.19,4.01,40.87,M3,Vespertino,A,0
184.99,50.58,75.07,3.53,40.14,M2,Vespertino,A,0
214.33,46.67,93.18,2.6,46.63,M3,Nocturno,A,0
214.05,64.02,98.31,2.16,32.92,M1,Vespertino,C,1
188.84,45.16,94.3,2.59,44.89,M3,Matutino,A,0
190.13,47.39,112.1,1.8,44.3,M3,Matutino,A,0
208.07,50.08,114.15,3.52,39.84,M1,Matutino,B,0
197.7,53.2,109.0,2.27,44.95,M2,Matutino,C,0
192.49,55.58,113.85,2.66,38.88,M2,Matutino,A,1
200.61,50.46,135.31,2.77,35.79,M3,Nocturno,B,0
213.24,53.68,108.3,4.32,51.54,M1,Vespertino,C,1
211.64,62.13,114.55,4.26,42.92,M3,Vespertino,A,1
216.07,47.94,112.07,3.15,45.46,M1,Nocturno,C,1
197.72,61.81,108.35,2.51,45.8,M1,Vespertino,B,0
198.4,56.56,108.37,3.36,32.6,M1,Vespertino,A,0
185.24,55.75,102.49,3.29,39.16,M3,Matutino,A,0
190.57,61.49,124.01,2.52,43.16,M2,Nocturno,B,0
196.24,50.25,98.75,2.31,57.55,M1,Matutino,A,0
187.27,45.8,75.34,1.0,39.73,M3,Vespertino,B,0
199.35,50.84,86.63,2.94,45.72,M3,Nocturno,B,0
222.11,56.46,109.66,2.99,42.57,M2,Vespertino,C,0
187.45,55.18,79.29,4.56,47.32,M2,Matutino,B,0
195.49,59.24,89.08,3.2,47.71,M3,Nocturno,B,0
198.7,51.19,107.27,3.01,34.73,M3,Vespertino,B,1
194.56,52.73,142.0,3.8,48.69,M3,Nocturno,C,1
206.89,49.25,109.09,3.12,47.41,M2,Matutino,B,0
201.61,50.79,111.73,4.07,48.2,M2,Nocturno,C,1
206.38,55.48,109.8,2.4,52.11,M2,Vespertino,A,0
187.65,46.68,85.55,4.22,29.27,M2,Vespertino,A,0
194.04,47.01,123.29,1.66,38.58,M2,Matutino,C,0
195.6,55.84,125.83,2.77,43.62,M3,Matutino,B,0
193.83,48.42,123.49,1.48,43.94,M1,Matutino,B,0
184.16,61.37,120.85,4.39,52.69,M3,Vespertino,B,1
186.9,53.93,112.29,1.6,52.34,M2,Matutino,C,0
195.85,54.71,78.4,3.6,39.41,M2,Nocturno,C,0
193.5,59.15,77.77,3.31,41.43,M2,Nocturno,A,1
205.89,52.84,98.32,3.15,48.12,M1,Nocturno,B,1
175.71,50.48,94.09,1.36,54.81,M1,Vespertino,B,0
212.28,55.77,99.01,4.17,48.94,M2,Nocturno,A,1
190.02,53.47,116.97,3.22,43.1,M2,Nocturno,B,0
185.67,58.23,114.45,1.17,42.01,M2,Nocturno,A,0
195.21,52.65,121.79,1.78,49.19,M3,Vespertino,B,0
190.37,42.59,108.33,3.17,37.49,M3,Vespertino,B,0
200.87,48.02,115.29,4.38,45.41,M1,Matutino,A,0
194.74,59.7,98.82,2.0,42.9,M2,Vespertino,B,0
187.68,51.07,107.61,2.17,39.36,M3,Matutino,B,1
216.65,42.87,91.24,1.0,53.12,M1,Nocturno,B,1
195.27,57.07,115.63,2.03,43.27,M2,Nocturno,C,0
210.13,61.77,112.59,3.37,34.19,M3,Vespertino,C,1
192.44,49.65,113.84,2.65,50.36,M2,Matutino,A,0
199.89,49.48,93.02,2.91,42.49,M3,Matutino,B,1
198.94,45.06,121.38,3.26,39.23,M1,Nocturno,A,0
193.68,50.87,117.69,3.9,36.98,M1,Vespertino,B,0
204.24,55.74,109.68,2.99,50.21,M3,Matutino,C,1
192.79,48.34,140.12,4.41,52.2,M1,Nocturno,C,1
221.31,57.71,128.39,3.65,53.52,M3,Matutino,C,1
193.76,43.58,105.93,3.12,43.22,M2,Nocturno,C,1
206.31,45.43,106.58,3.91,41.18,M1,Matutino,A,0
189.2,49.22,110.49,1.88,39.72,M3,Vespertino,C,0
201.67,61.99,87.43,2.88,41.98,M3,Vespertino,C,0
195.82,55.8,105.03,2.81,43.67,M3,Nocturno,B,0
185.89,49.86,107.58,2.12,42.64,M1,Vespertino,A,1
197.57,53.59,106.75,1.85,33.06,M1,Matutino,C,0
197.25,48.56,85.74,3.43,44.17,M3,Matutino,A,0
186.72,50.91,119.27,2.02,37.08,M2,Nocturno,A,1
195.68,54.62,72.4,2.98,47.68,M1,Matutino,A,0
196.7,59.95,103.82,2.67,40.72,M2,Nocturno,A,1
186.03,56.31,111.05,3.13,45.89,M1,Vespertino,C,1
208.4,48.59,97.59,2.75,45.96,M1,Matutino,C,0
194.31,64.72,116.3,4.31,54.91,M3,Nocturno,A,1
200.29,55.13,115.62,3.11,45.21,M2,Vespertino,B,0
212.89,50.13,109.91,2.86,34.41,M1,Vespertino,C,0
206.37,57.8,111.43,2.87,55.95,M1,Matutino,B,1
200.8,52.1,87.91,2.76,34.98,M1,Vespertino,B,1
197.94,49.62,107.98,1.91,43.41,M2,Matutino,C,1
187.04,49.24,114.59,2.89,47.49,M1,Matutino,A,0
178.91,61.23,125.66,3.1,42.07,M1,Vespertino,A,0
196.19,49.15,110.65,1.67,46.29,M1,Matutino,C,0
200.86,51.56,121.22,2.95,34.34,M1,Matutino,B,0
214.87,47.18,95.86,2.69,48.37,M3,Nocturno,B,1
193.2,48.31,98.6,3.76,49.21,M1,Vespertino,A,0
203.59,52.52,103.17,2.69,36.59,M1,Nocturno,B,0
203.17,49.84,97.74,3.65,53.89,M3,Matutino,A,0
200.18,45.83,129.46,4.68,45.04,M1,Nocturno,C,1
198.75,56.05,107.23,1.61,42.27,M1,Vespertino,B,0
214.96,56.54,102.07,2.89,41.1,M3,Vespertino,B,1
200.61,57.79,101.27,2.24,45.07,M1,Matutino,C,0
205.97,54.4,100.7,2.5,41.86,M2,Nocturno,B,0
192.47,50.13,110.58,2.27,47.21,M2,Vespertino,C,0
191.3,49.83,112.35,2.41,39.19,M3,Matutino,A,0
201.75,59.31,99.96,3.0,35.69,M2,Vespertino,A,0
191.24,45.79,88.5,3.25,38.72,M2,Vespertino,B,0
198.52,50.27,99.81,2.83,43.93,M2,Nocturno,A,0
193.02,49.13,94.45,3.3,47.04,M1,Nocturno,B,0
204.15,51.03,111.32,2.58,37.03,M1,Vespertino,B,0
216.57,60.03,99.41,3.5,35.59,M2,Nocturno,C,1
200.63,55.8,102.23,2.85,34.1,M2,Matutino,B,0
190.35,51.82,112.09,1.58,50.97,M2,Matutino,A,0
196.83,49.03,136.88,3.14,47.0,M1,Matutino,A,0
197.88,54.51,118.78,2.4,47.01,M3,Vespertino,C,1
197.31,62.09,96.02,2.62,43.0,M1,Vespertino,C,0
208.78,56.09,106.76,2.85,46.33,M1,Vespertino,B,0
206.95,45.83,105.59,1.66,38.09,M2,Vespertino,A,0
206.11,57.08,102.3,3.28,41.48,M3,Matutino,C,1
211.5,59.74,142.0,4.14,46.61,M3,Nocturno,C,1
193.86,57.99,118.35,2.33,33.61,M3,Matutino,C,0
198.85,53.44,107.82,2.25,47.98,M2,Vespertino,B,0
206.21,45.48,116.02,2.78,53.63,M2,Nocturno,C,0
202.71,53.48,114.69,4.01,42.88,M2,Vespertino,C,1
211.42,52.74,107.38,3.73,41.41,M2,Matutino,B,0
195.87,61.44,93.31,4.45,49.04,M3,Vespertino,C,1
195.15,51.09,101.75,2.33,37.12,M2,Matutino,A,1
195.94,62.46,127.24,4.48,46.25,M1,Matutino,B,1
186.53,51.28,93.36,2.04,33.72,M3,Matutino,A,0
197.95,56.42,118.19,2.52,37.74,M1,Vespertino,C,0
187.39,43.97,95.95,1.95,35.28,M1,Vespertino,A,0
184.0,43.48,121.94,2.77,42.36,M2,Nocturno,A,0
194.35,58.13,115.49,2.84,36.9,M2,Nocturno,B,0
209.4,63.84,134.96,1.78,47.56,M1,Matutino,C,1
209.94,48.12,111.91,3.18,52.37,M3,Matutino,C,1
197.62,54.72,97.74,3.87,49.45,M3,Vespertino,A,1
192.02,48.51,77.07,2.88,43.6,M1,Matutino,C,0
210.66,49.65,112.6,4.22,42.1,M2,Vespertino,A,0
205.61,57.42,128.46,2.97,44.53,M2,Matutino,B,0
199.04,58.83,105.92,2.41,52.79,M1,Vespertino,A,1
199.28,42.37,94.43,3.26,44.63,M3,Matutino,B,0
189.34,47.9,115.18,3.12,49.09,M2,Vespertino,A,0
216.42,55.31,83.3,3.9,40.12,M2,Nocturno,C,0
193.04,55.64,88.45,2.68,42.26,M2,Nocturno,B,0
203.9,58.01,110.5,3.82,38.91,M2,Matutino,B,0
190.71,55.84,111.77,3.68,44.25,M2,Nocturno,C,0
200.75,59.83,111.53,3.19,45.78,M3,Nocturno,A,0
193.62,56.05,103.48,1.85,39.82,M2,Nocturno,A,0
192.97,56.56,121.83,3.7,40.63,M3,Vespertino,B,0
203.09,53.88,121.24,4.18,29.13,M1,Matutino,A,0
209.4,44.77,100.09,3.08,44.06,M2,Vespertino,B,0
190.22,48.76,115.44,3.24,38.4,M3,Matutino,A,0
200.4,43.73,100.78,3.17,40.02,M3,Vespertino,B,0
215.2,43.34,80.46,2.66,41.14,M2,Vespertino,C,0
207.27,60.65,115.19,4.27,49.6,M3,Vespertino,B,1
222.11,49.37,81.23,4.71,45.59,M3,Matutino,B,0
202.55,50.71,112.37,1.77,37.46,M3,Vespertino,B,0
187.97,48.46,106.41,1.95,45.36,M1,Matutino,B,0
197.35,52.73,118.76,3.6,46.43,M1,Nocturno,C,0
210.09,58.74,104.68,3.17,38.53,M3,Vespertino,B,0
180.08,55.92,101.17,1.88,51.6,M3,Vespertino,B,0
209.09,57.43,117.08,3.0,47.67,M2,Vespertino,B,1
209.23,56.9,103.35,3.5,53.88,M3,Matutino,C,1
205.2,52.96,81.23,3.3,46.58,M3,Vespertino,B,0
197.56,47.27,98.46,3.01,51.34,M2,Vespertino,A,1
218.25,55.3,117.65,4.0,39.64,M3,Nocturno,B,0
183.56,47.7,117.43,4.66,50.08,M2,Vespertino,A,1
215.43,58.58,102.26,3.75,48.28,M3,Matutino,C,1
201.01,50.4,134.19,4.33,54.87,M1,Matutino,A,1
195.16,62.08,93.69,2.92,41.73,M2,Matutino,C,1
194.78,53.93,89.02,3.51,32.51,M2,Nocturno,B,0
195.12,51.77,115.15,2.91,35.5,M2,Matutino,C,0
212.52,55.82,92.69,1.54,44.77,M2,Matutino,B,0
196.78,58.22,108.77,3.0,35.56,M1,Nocturno,A,1
208.94,58.33,123.68,2.88,40.36,M1,Nocturno,C,1
204.22,53.25,108.59,2.51,42.29,M3,Nocturno,B,0
198.9,48.36,122.66,3.2,40.21,M2,Vespertino,C,0
206.03,53.27,120.15,4.77,49.46,M2,Vespertino,C,1
209.26,50.95,93.06,1.92,37.75,M2,Vespertino,A,0
201.86,55.99,119.0,2.09,37.8,M1,Matutino,C,0
206.0,49.31,122.44,3.0,48.92,M2,Matutino,A,0
194.64,52.76,112.32,2.18,38.3,M2,Vespertino,A,0
193.16,44.92,106.28,2.37,51.31,M3,Matutino,A,0
176.16,56.54,93.39,3.06,46.65,M1,Matutino,C,0
224.24,43.81,78.86,2.89,54.55,M3,Matutino,C,0
193.49,50.14,121.77,1.84,42.36,M3,Nocturno,A,0
204.28,53.82,90.6,2.49,50.3,M1,Matutino,A,0
182.73,57.89,97.62,2.14,43.98,M1,Matutino,C,0
214.3,55.05,126.48,1.86,38.27,M1,Matutino,B,0
195.39,54.03,125.22,3.55,52.84,M1,Vespertino,B,1
187.9,45.72,83.61,3.29,35.96,M3,Matutino,A,0
211.51,50.87,119.61,4.46,47.05,M2,Matutino,B,1
191.33,58.27,82.88,2.72,47.27,M1,Vespertino,C,1
204.02,50.28,110.1,2.51,41.02,M3,Nocturno,B,0
206.12,59.61,114.62,3.07,47.18,M3,Nocturno,C,0
196.06,50.99,88.22,4.01,49.29,M1,Matutino,C,0
192.94,57.48,103.11,1.0,46.83,M3,Vespertino,C,1
197.43,57.26,115.27,2.89,47.32,M2,Vespertino,B,0
207.57,52.19,108.26,2.23,53.98,M3,Matutino,C,0
192.09,48.16,83.42,4.21,54.34,M1,Matutino,B,0
200.92,47.24,104.99,3.51,33.51,M1,Nocturno,B,0
187.1,54.84,92.07,3.28,34.46,M3,Nocturno,A,0
189.11,57.0,93.97,1.9,36.06,M3,Nocturno,B,0
210.07,52.84,120.53,3.43,45.16,M1,Vespertino,B,1
215.95,42.87,112.68,4.25,32.57,M2,Vespertino,A,0
189.2,54.3,98.99,3.34,40.65,M3,Nocturno,C,0
202.35,46.76,106.35,1.33,35.48,M2,Matutino,A,0
190.3,54.6,106.98,3.27,48.77,M3,Matutino,C,1
198.43,52.38,79.19,1.81,40.9,M3,Vespertino,C,0
188.21,55.7,104.12,2.83,34.97,M1,Vespertino,A,0
196.96,49.55,108.15,3.3,41.09,M1,Vespertino,A,0
215.93,51.63,97.05,2.83,46.05,M2,Nocturno,A,0
200.6,52.73,117.72,2.72,44.41,M3,Nocturno,A,1
207.84,59.8,111.49,3.8,45.87,M3,Matutino,C,1
203.92,58.26,72.0,3.53,49.16,M3,Nocturno,C,0
187.62,62.62,88.38,3.09,55.81,M3,Matutino,C,1
208.87,53.22,115.74,3.58,52.66,M1,Matutino,B,0
217.69,50.57,111.66,3.52,63.0,M3,Vespertino,C,0
216.43,46.91,120.03,2.97,47.44,M1,Vespertino,A,0
217.87,54.07,94.59,2.72,42.59,M1,Vespertino,A,0
206.97,59.19,90.55,4.24,57.78,M3,Nocturno,A,1
195.46,65.48,81.84,2.15,42.04,M1,Vespertino,A,0
197.09,59.43,114.16,3.24,40.96,M1,Nocturno,A,0
193.22,51.1,107.56,1.9,43.05,M2,Nocturno,C,0
217.17,47.62,106.71,3.05,49.11,M3,Nocturno,B,0
185.7,47.81,124.87,2.49,32.91,M2,Matutino,A,0
215.05,46.67,72.0,1.36,52.32,M1,Matutino,A,1
197.72,61.04,109.11,3.3,43.65,M1,Nocturno,B,0
195.22,46.4,86.82,2.43,41.98,M3,Matutino,C,0
191.98,50.28,100.06,2.22,44.01,M1,Vespertino,A,0
188.03,47.79,116.39,1.5,46.08,M3,Nocturno,C,0
191.44,52.71,107.86,2.74,44.62,M2,Vespertino,B,0
191.06,48.43,126.44,3.4,51.0,M1,Matutino,B,0
204.96,49.83,101.26,2.97,52.81,M2,Vespertino,C,1
203.7,60.66,118.26,3.19,45.72,M2,Vespertino,B,1
200.98,51.28,126.38,1.88,47.64,M3,Vespertino,C,1
203.09,40.15,114.43,3.82,61.0,M3,Nocturno,C,1
216.38,49.04,104.71,3.21,47.91,M3,Nocturno,A,0
175.12,48.71,85.1,3.75,45.46,M3,Vespertino,A,0
192.25,46.76,102.59,2.53,28.93,M3,Matutino,A,0
210.8,50.45,99.52,2.3,37.03,M1,Matutino,B,0
175.0,50.43,107.06,3.06,36.73,M2,Nocturno,B,0
180.16,63.07,87.82,3.41,45.48,M1,Matutino,B,1
212.45,40.2,103.37,4.11,44.4,M3,Matutino,C,0
213.3,43.49,123.97,2.72,32.71,M3,Vespertino,B,0
192.83,62.18,126.74,2.95,41.18,M2,Nocturno,A,0
199.05,66.45,105.68,3.2,44.99,M2,Matutino,A,0
187.75,61.5,131.7,4.01,41.15,M1,Nocturno,B,1
200.99,59.06,79.02,4.15,48.91,M1,Nocturno,A,1
187.41,60.47,78.36,1.4,48.74,M2,Nocturno,A,0
198.48,49.94,83.4,1.96,44.15,M3,Vespertino,A,0
222.81,53.15,95.53,3.32,38.64,M1,Matutino,B,1
205.0,56.83,95.3,2.69,47.25,M2,Nocturno,B,0
188.5,54.6,116.29,3.16,48.68,M3,Matutino,A,0
200.28,57.74,113.15,2.4,40.28,M3,Nocturno,B,0
199.38,43.76,92.78,1.16,45.09,M1,Matutino,B,0
191.01,51.21,100.86,3.67,38.42,M2,Nocturno,A,0
213.37,54.07,122.92,3.24,40.11,M2,Nocturno,C,0
202.01,61.97,121.18,3.95,50.19,M1,Matutino,A,1
203.59,45.82,99.89,2.62,55.36,M1,Matutino,C,1
190.1,57.43,107.84,2.87,44.58,M2,Nocturno,B,0
207.51,57.18,115.46,2.96,42.45,M3,Nocturno,B,1
188.42,61.25,122.87,2.38,41.82,M1,Vespertino,A,0
209.95,50.96,96.07,3.5,37.68,M1,Nocturno,C,0
178.3,53.13,83.3,3.26,49.22,M3,Vespertino,A,0
214.76,58.51,84.53,3.16,54.73,M3,Nocturno,B,1
200.43,55.47,124.41,3.73,46.93,M3,Nocturno,C,1
204.97,63.88,108.77,4.15,40.29,M1,Vespertino,A,1
224.94,62.47,133.8,3.4,48.07,M2,Nocturno,B,1
192.89,57.13,113.9,2.99,38.94,M1,Nocturno,C,0
194.33,46.13,101.27,1.97,41.11,M2,Nocturno,A,0
189.34,55.24,112.85,1.5,49.61,M3,Matutino,C,0
212.37,50.21,100.41,3.15,51.76,M2,Nocturno,A,0
202.45,65.55,139.62,2.26,50.8,M3,Matutino,B,0
210.48,38.0,114.09,1.03,37.87,M2,Nocturno,B,0
195.59,51.17,94.03,2.45,35.6,M1,Nocturno,B,1
190.99,52.18,113.84,3.29,42.22,M1,Matutino,B,0
222.0,63.43,102.76,2.01,43.46,M2,Vespertino,C,0
195.79,45.23,128.46,2.06,53.12,M1,Matutino,A,0
196.02,38.79,89.59,3.04,33.35,M3,Matutino,A,1
196.01,51.05,87.03,2.35,41.62,M3,Nocturno,C,0
195.88,54.09,110.35,2.78,42.98,M1,Matutino,A,0
205.29,57.85,75.78,3.2,40.55,M2,Matutino,A,0
209.82,59.52,98.55,3.58,46.8,M2,Nocturno,B,1
187.61,56.1,98.58,3.78,42.06,M1,Vespertino,C,0
175.58,46.07,129.81,1.92,38.69,M3,Nocturno,C,0
203.68,47.48,127.75,2.49,40.55,M2,Vespertino,B,0
185.08,64.75,113.4,2.63,56.08,M1,Vespertino,A,1
204.6,48.48,104.14,3.19,58.02,M3,Matutino,C,1
191.01,50.68,75.84,2.89,51.13,M2,Nocturno,B,0
207.52,55.21,92.81,3.89,33.18,M1,Nocturno,A,0
199.22,47.47,103.94,2.77,39.11,M1,Vespertino,C,0
193.25,54.6,95.07,3.49,48.28,M3,Vespertino,A,0
196.19,53.66,96.79,2.22,44.72,M1,Vespertino,A,0
214.6,55.47,94.91,3.06,50.04,M1,Vespertino,B,0
180.66,41.81,77.82,4.66,47.4,M1,Nocturno,C,0
201.99,53.25,127.26,3.58,49.73,M1,Vespertino,A,1
193.46,59.73,120.57,1.93,45.54,M3,Matutino,A,0
194.77,56.77,99.3,3.0,40.08,M1,Matutino,B,0
203.12,52.06,101.14,3.56,47.22,M1,Matutino,C,0
194.4,55.61,93.86,2.71,45.47,M3,Matutino,B,1
187.43,52.43,107.28,3.25,42.68,M3,Nocturno,A,0
186.16,56.41,128.73,3.54,29.24,M2,Matutino,B,0
195.73,48.62,105.13,2.35,48.17,M1,Vespertino,A,0
204.74,49.45,99.94,2.57,46.38,M1,Nocturno,A,0
217.97,52.74,116.87,3.8,46.02,M2,Matutino,C,1
209.06,58.15,112.01,2.77,43.34,M1,Vespertino,A,1
211.53,53.82,79.52,2.2,51.69,M2,Vespertino,C,0
218.5,54.73,100.68,2.75,48.71,M3,Nocturno,C,0
202.98,53.15,110.98,2.38,38.57,M2,Matutino,A,0
198.99,56.42,126.18,3.0,31.6,M2,Vespertino,C,0
197.71,60.49,74.77,1.75,48.53,M2,Vespertino,C,0
176.34,48.98,102.53,2.97,38.97,M1,Vespertino,A,0
187.93,54.83,119.26,1.97,37.26,M2,Vespertino,C,0
211.54,51.92,102.13,2.39,41.7,M3,Matutino,A,0
204.48,60.81,117.8,3.96,49.05,M2,Matutino,A,0
214.09,49.68,108.28,2.55,56.52,M2,Nocturno,C,0
201.08,56.06,112.95,2.12,43.76,M3,Vespertino,A,0
200.38,42.26,123.76,3.3,44.36,M2,Nocturno,C,0
200.34,49.5,125.23,3.54,44.95,M2,Vespertino,C,1
203.39,44.67,120.36,3.07,45.35,M2,Matutino,C,0
211.01,55.17,92.63,3.0,46.56,M1,Nocturno,B,0
191.05,57.23,114.53,2.55,47.25,M2,Matutino,C,0
201.45,57.47,97.98,2.74,42.51,M3,Vespertino,A,0
204.14,47.35,121.94,3.54,45.58,M3,Nocturno,A,0
183.8,51.13,116.62,2.69,49.58,M3,Nocturno,A,1
197.84,54.36,110.94,3.58,36.89,M1,Matutino,C,0
188.31,59.67,75.2,2.35,35.48,M1,Matutino,C,0
195.36,52.06,102.79,2.18,46.55,M1,Matutino,B,0
200.61,47.2,117.92,2.5,44.92,M1,Nocturno,C,0
193.46,60.74,113.59,1.98,44.64,M2,Matutino,B,0
194.39,57.1,91.07,2.51,34.04,M3,Vespertino,A,0
185.78,60.24,106.44,2.46,39.25,M3,Matutino,A,0
175.0,58.79,112.15,2.01,37.56,M2,Vespertino,A,0
194.17,57.07,94.29,1.75,35.08,M2,Matutino,C,0
195.67,55.18,72.0,2.75,37.62,M3,Nocturno,A,0
201.57,49.16,118.06,2.58,48.45,M1,Matutino,A,0
189.23,50.1,97.4,3.47,50.85,M1,Matutino,B,0
204.23,43.15,109.1,3.18,38.98,M3,Vespertino,B,0
201.48,55.62,106.36,3.21,32.33,M3,Nocturno,C,0
202.52,47.37,93.67,2.99,50.07,M2,Vespertino,A,0
202.27,53.61,105.11,4.2,60.03,M3,Vespertino,B,1
196.7,55.24,99.75,3.45,38.54,M2,Matutino,C,0
200.39,45.38,101.84,2.24,39.04,M1,Vespertino,A,0
203.3,56.75,125.74,2.89,42.89,M1,Matutino,A,1
201.21,51.67,87.34,2.22,41.07,M2,Vespertino,A,0
186.36,52.15,99.21,2.87,42.84,M1,Vespertino,B,0
218.15,53.13,126.19,3.27,33.17,M3,Matutino,A,1
208.51,50.36,115.04,2.56,33.64,M2,Matutino,B,0
180.93,55.28,95.03,2.92,41.6,M3,Matutino,B,0
210.55,41.11,92.27,3.32,43.44,M1,Matutino,B,0
185.46,53.76,89.02,2.22,38.17,M1,Vespertino,A,1
190.32,58.35,102.18,3.23,38.41,M2,Vespertino,C,0
200.6,47.37,81.01,2.64,44.84,M1,Vespertino,A,0
205.3,55.09,98.61,1.58,47.95,M1,Nocturno,A,0
202.15,61.12,73.42,2.63,45.52,M3,Matutino,B,0
193.12,61.79,90.27,2.7,56.74,M3,Vespertino,A,0
192.97,59.11,140.82,2.93,42.01,M1,Nocturno,A,0
203.63,50.71,112.19,1.65,47.31,M1,Nocturno,B,0
197.77,49.09,96.36,2.39,38.59,M1,Vespertino,A,0
198.81,51.41,127.69,2.2,53.43,M1,Matutino,C,1
197.49,54.77,80.19,3.4,51.44,M2,Vespertino,A,0
191.43,47.18,109.41,2.78,46.57,M2,Matutino,C,0
206.01,50.48,94.56,2.24,44.29,M1,Matutino,A,1
212.28,46.07,118.93,2.2,38.84,M2,Matutino,B,0
193.23,51.55,112.44,2.75,48.01,M1,Nocturno,C,0
200.35,59.45,129.33,3.36,49.53,M3,Matutino,A,1
187.39,54.37,119.51,2.33,43.48,M2,Matutino,C,0
196.85,59.33,119.42,1.87,36.64,M1,Nocturno,B,0
200.2,50.38,103.01,2.53,35.33,M1,Nocturno,C,0
202.22,58.39,102.95,3.08,35.79,M2,Matutino,B,0
198.27,47.03,112.57,1.62,42.96,M3,Vespertino,C,0
202.6,53.39,108.8,3.41,37.83,M2,Vespertino,B,0
185.49,58.17,103.7,3.73,45.83,M2,Matutino,C,1
209.49,56.29,94.67,3.25,32.23,M2,Nocturno,A,0
199.25,61.86,111.09,1.41,34.98,M2,Vespertino,B,1
204.37,57.61,107.96,1.81,33.93,M1,Matutino,C,0
212.81,57.09,104.41,3.62,41.98,M2,Nocturno,B,0
208.84,63.27,122.63,3.76,46.21,M2,Nocturno,C,1
200.66,63.0,117.02,2.81,39.03,M3,Nocturno,C,0
192.55,48.78,125.52,2.05,46.86,M2,Matutino,B,0
198.45,55.14,115.78,3.24,54.15,M1,Vespertino,C,0
188.78,50.98,140.01,2.26,36.72,M1,Nocturno,B,0
186.31,56.39,86.15,2.36,52.07,M1,Nocturno,C,0
205.4,61.1,106.94,2.04,51.21,M1,Nocturno,C,1
182.18,55.33,111.68,2.11,43.86,M2,Nocturno,A,0
220.8,61.97,122.04,3.41,34.87,M1,Matutino,C,1
197.86,57.2,120.06,2.93,43.52,M1,Vespertino,C,0
208.24,56.37,127.56,5.93,37.24,M2,Nocturno,C,1
184.04,57.94,105.14,2.56,43.05,M1,Vespertino,B,0
196.97,54.01,110.13,3.14,30.83,M2,Nocturno,C,1
212.0,67.7,91.49,2.99,42.78,M1,Nocturno,B,0
191.21,56.54,90.71,2.46,46.03,M2,Vespertino,A,0
205.09,57.14,110.09,3.14,41.6,M1,Vespertino,C,1
206.15,58.68,99.22,2.25,48.86,M2,Nocturno,C,0
201.84,67.08,81.3,1.83,32.66,M2,Matutino,A,0
211.43,63.46,102.46,3.54,29.03,M3,Matutino,A,0
186.41,55.67,81.46,3.59,36.82,M2,Nocturno,B,0
193.34,60.55,118.99,1.28,36.22,M1,Matutino,A,0
192.64,50.14,97.57,3.05,42.93,M1,Vespertino,C,0
201.37,52.45,98.22,3.39,47.17,M1,Matutino,A,0
193.19,57.95,105.08,1.72,41.59,M2,Nocturno,B,0
198.32,53.16,103.8,3.31,41.61,M2,Nocturno,B,1
209.62,58.81,125.37,2.2,47.59,M1,Matutino,C,0
197.14,60.35,109.87,2.83,47.72,M3,Vespertino,B,1
187.02,54.66,111.7,3.93,53.24,M2,Vespertino,B,0
213.82,58.45,127.51,3.4,42.53,M2,Nocturno,B,1
203.43,50.17,113.98,3.6,42.22,M3,Nocturno,C,1
212.88,48.87,104.26,2.28,36.82,M1,Matutino,B,0
184.45,58.69,120.64,1.0,41.84,M3,Nocturno,B,0
202.8,53.6,97.3,3.22,32.42,M2,Vespertino,C,0
207.6,55.58,133.48,2.33,38.62,M1,Vespertino,C,0
176.98,47.02,93.79,3.38,32.7,M1,Nocturno,B,0
183.87,41.98,106.29,4.69,37.42,M1,Matutino,A,0
200.58,52.77,115.18,3.99,56.02,M3,Vespertino,B,0
195.13,50.43,113.85,2.17,44.31,M2,Matutino,A,0
188.1,52.55,114.3,2.85,48.65,M3,Nocturno,B,0
198.76,49.85,93.18,2.38,50.98,M1,Nocturno,B,0
215.19,54.75,93.92,2.96,43.05,M1,Nocturno,A,0
185.52,51.14,126.47,4.91,46.4,M3,Vespertino,A,1
202.76,52.82,119.75,2.61,43.03,M3,Vespertino,A,0
188.63,47.02,82.53,2.64,46.4,M2,Nocturno,C,0
200.56,65.19,83.57,3.68,41.71,M2,Matutino,B,0
202.01,50.35,99.19,2.39,48.54,M3,Matutino,A,0
191.37,56.45,97.18,1.82,52.35,M2,Vespertino,A,0
193.13,49.81,93.54,1.13,40.33,M1,Vespertino,C,0
202.22,52.08,108.24,1.82,42.07,M2,Vespertino,B,1
198.24,55.96,92.72,2.76,43.35,M2,Vespertino,A,0
203.73,61.48,109.87,2.84,41.12,M1,Vespertino,B,1
196.59,57.49,93.94,2.59,45.65,M2,Matutino,C,0
210.41,55.31,121.38,4.62,44.6,M3,Vespertino,B,1
200.6,57.44,102.25,4.41,47.63,M3,Vespertino,A,1
206.87,58.07,109.94,2.38,51.35,M3,Nocturno,C,1
197.16,46.73,117.37,1.41,50.56,M3,Matutino,C,0
196.29,52.69,112.41,2.95,43.47,M2,Nocturno,C,0
193.38,47.28,101.35,2.52,42.49,M2,Nocturno,A,0
201.69,59.78,124.26,2.55,40.37,M2,Nocturno,A,0
206.7,54.62,106.46,3.49,35.22,M2,Matutino,B,0
212.31,48.18,102.95,2.72,36.94,M2,Nocturno,B,0
191.65,69.0,89.24,2.99,54.54,M1,Matutino,B,1
218.48,54.51,104.59,3.59,44.8,M3,Vespertino,A,1
204.71,47.82,90.3,2.64,38.73,M1,Nocturno,A,0
199.98,49.04,113.6,3.3,35.87,M3,Vespertino,C,0
202.89,56.8,95.63,2.04,35.71,M3,Matutino,C,0
205.21,58.89,102.78,4.16,48.11,M2,Nocturno,A,0
180.78,46.22,94.35,1.54,55.0,M3,Vespertino,B,0
200.53,60.08,114.89,1.62,44.21,M1,Vespertino,C,0
189.43,56.46,103.24,1.46,48.28,M2,Nocturno,A,0
204.2,56.98,118.5,2.47,46.42,M2,Nocturno,B,1
189.71,44.04,119.11,3.62,50.85,M2,Matutino,C,1
197.92,51.48,115.44,3.44,49.43,M2,Matutino,A,0
198.61,59.78,123.51,2.0,49.1,M1,Matutino,C,0
204.25,53.61,110.64,2.12,48.51,M2,Matutino,B,0
192.8,51.51,108.94,2.94,37.11,M2,Vespertino,C,0
211.31,59.22,118.95,4.3,45.49,M3,Nocturno,B,1
201.52,49.9,112.18,2.54,43.73,M2,Matutino,B,1
216.85,48.11,132.81,2.24,44.3,M1,Vespertino,B,1
223.99,61.89,122.03,3.03,47.6,M1,Nocturno,C,1
214.2,48.98,120.96,2.08,60.42,M3,Nocturno,B,1
196.79,59.27,101.49,3.5,43.93,M3,Vespertino,C,0
199.05,59.03,83.0,2.74,42.05,M1,Nocturno,B,0
197.58,53.56,104.16,2.74,46.81,M2,Matutino,B,0
192.46,47.59,108.17,2.96,47.84,M3,Vespertino,A,0
201.79,56.5,106.51,2.11,45.73,M3,Vespertino,A,0
184.2,52.92,106.71,2.74,42.07,M2,Matutino,A,0
199.97,52.42,103.88,4.07,45.28,M3,Vespertino,C,1
193.32,60.86,124.15,3.86,43.65,M3,Matutino,C,1
197.78,51.32,96.07,2.38,46.79,M1,Nocturno,C,0
193.06,57.76,118.56,3.42,59.59,M1,Nocturno,A,1
199.79,57.98,90.13,2.65,41.68,M1,Vespertino,A,1
214.55,45.8,121.97,1.48,46.4,M3,Nocturno,B,1
198.18,49.86,123.2,3.69,49.44,M1,Vespertino,A,0
192.96,48.58,109.75,2.33,38.48,M1,Vespertino,C,0
216.74,53.86,97.17,2.15,38.76,M2,Nocturno,A,0
206.52,54.79,96.91,1.83,32.15,M1,Nocturno,B,0
193.01,49.7,84.65,2.56,38.08,M2,Matutino,C,0
206.3,50.81,120.83,2.62,49.92,M3,Nocturno,C,1
210.39,57.04,115.87,1.76,50.1,M2,Nocturno,C,0
212.71,60.79,116.17,2.78,47.75,M1,Vespertino,B,1
199.67,39.72,90.87,1.88,43.31,M1,Matutino,B,0
194.33,51.52,99.72,3.75,52.5,M1,Nocturno,B,0
184.43,42.91,93.58,2.2,39.43,M3,Vespertino,C,0
202.18,49.3,106.15,2.3,37.98,M2,Nocturno,A,0
209.06,47.27,104.43,2.53,34.68,M2,Vespertino,A,0
191.94,60.29,111.85,3.67,34.7,M2,Matutino,A,1
202.22,46.87,100.98,1.79,58.17,M3,Matutino,C,0
203.32,51.39,111.58,2.97,50.13,M2,Nocturno,C,0
206.01,51.04,100.8,4.12,48.36,M2,Nocturno,C,0
196.39,57.05,100.46,3.16,38.72,M3,Vespertino,C,0
189.68,42.5,89.63,4.1,53.77,M1,Nocturno,B,0
200.72,62.34,112.09,3.06,35.75,M2,Nocturno,A,0
188.65,54.22,129.73,2.87,34.02,M3,Nocturno,C,0
208.03,64.6,117.41,4.0,50.84,M1,Nocturno,C,0
191.26,58.38,86.58,3.48,42.26,M3,Nocturno,A,0
188.29,48.09,128.1,4.09,47.06,M2,Vespertino,C,0
178.91,66.86,72.0,3.5,52.04,M2,Nocturno,B,0
197.54,38.0,93.86,2.6,46.34,M1,Vespertino,B,0
204.8,54.16,116.12,4.2,58.29,M1,Vespertino,C,1
206.09,56.78,102.34,3.88,44.04,M2,Matutino,C,1
199.88,57.41,83.35,3.35,39.78,M3,Vespertino,B,1
196.51,57.96,98.82,1.0,37.61,M1,Matutino,A,0
201.15,60.79,105.15,3.85,42.82,M3,Nocturno,C,0
187.77,59.66,100.05,2.22,53.38,M1,Vespertino,C,0
190.69,60.31,108.69,2.73,55.8,M2,Matutino,A,1
199.21,56.07,94.35,1.66,36.4,M1,Nocturno,C,0
204.43,41.86,114.36,3.63,35.41,M1,Vespertino,B,0
198.61,52.22,111.7,3.16,50.26,M1,Vespertino,C,0
204.39,50.55,95.87,3.8,42.22,M3,Vespertino,A,0
190.58,52.57,103.8,2.09,38.96,M3,Nocturno,A,0
203.99,60.21,102.74,3.22,53.49,M2,Vespertino,B,1
183.07,48.03,119.91,3.56,35.0,M1,Nocturno,A,0
217.17,61.71,129.83,4.63,32.27,M3,Nocturno,A,1
190.37,64.32,93.91,2.1,58.28,M1,Nocturno,C,0
197.03,58.22,114.6,3.14,47.05,M1,Vespertino,A,0
216.94,51.42,119.73,1.49,43.4,M2,Vespertino,B,0
201.81,54.6,100.55,2.83,38.86,M1,Vespertino,B,0
194.38,66.41,94.88,2.72,52.64,M3,Vespertino,A,1
214.64,56.7,97.08,2.73,38.66,M3,Nocturno,A,1
214.89,50.95,102.88,2.42,49.63,M3,Matutino,B,0
186.54,55.86,99.04,1.15,40.01,M2,Vespertino,B,0
194.77,50.52,111.54,3.29,39.71,M2,Vespertino,A,1
205.72,54.04,115.46,2.78,50.83,M1,Nocturno,A,1
188.87,49.94,99.33,2.87,43.83,M1,Vespertino,A,0
208.44,52.91,113.31,3.54,43.88,M3,Matutino,A,0
187.62,54.52,115.53,3.61,28.01,M1,Nocturno,C,0
212.23,54.64,129.53,3.16,47.87,M2,Vespertino,B,1
201.41,52.5,115.66,2.65,44.7,M1,Nocturno,B,0
192.97,49.45,122.85,2.99,52.79,M3,Nocturno,C,1
180.97,50.65,100.29,2.85,33.05,M3,Vespertino,B,0
198.67,49.81,77.21,1.8,39.28,M2,Nocturno,B,0
195.79,51.39,100.09,2.2,51.37,M2,Matutino,C,0
192.22,53.32,116.11,2.26,46.56,M2,Vespertino,C,0
193.25,48.97,90.55,3.81,43.43,M2,Vespertino,C,0
216.31,57.0,103.64,3.68,58.15,M1,Vespertino,A,1
208.51,55.04,105.56,4.57,52.3,M2,Vespertino,A,1
199.29,51.76,87.47,2.89,40.1,M3,Vespertino,A,1
195.22,46.4,86.86,3.21,36.72,M1,Vespertino,B,0
204.46,46.57,108.87,2.65,44.09,M1,Vespertino,A,1
203.52,56.81,116.37,3.08,44.77,M3,Matutino,B,0
204.21,49.6,93.08,1.84,33.77,M1,Matutino,C,0
216.88,58.11,112.86,3.99,51.83,M2,Nocturno,B,1
197.83,58.93,106.29,3.47,38.77,M1,Nocturno,A,1
194.77,55.59,87.19,2.47,37.04,M3,Matutino,B,0
192.39,57.1,102.87,3.29,45.24,M3,Vespertino,C,0
206.59,57.24,110.42,3.54,39.81,M3,Vespertino,A,1
214.02,56.81,109.01,3.5,48.26,M3,Nocturno,A,1
184.21,44.17,100.24,2.48,42.27,M3,Nocturno,C,0
190.43,45.8,105.39,3.68,37.56,M1,Matutino,A,0
187.12,51.87,93.74,2.61,39.19,M2,Vespertino,C,0
203.53,50.52,115.35,4.21,48.58,M2,Matutino,A,1
199.6,52.59,99.31,3.54,42.23,M2,Matutino,A,0
204.82,51.59,107.4,3.88,58.81,M2,Nocturno,C,1
199.57,46.43,118.85,3.14,58.54,M3,Matutino,B,0
192.45,56.47,114.41,2.74,47.17,M2,Matutino,C,0
197.58,55.59,99.37,3.12,50.97,M1,Matutino,A,1
202.75,49.18,120.99,3.44,46.69,M2,Nocturno,A,0
192.64,57.56,99.82,2.75,53.98,M2,Matutino,A,1
190.18,48.51,104.54,2.58,37.01,M2,Nocturno,B,0
198.93,57.26,102.11,3.06,35.54,M2,Matutino,B,0
198.42,50.18,119.72,2.41,37.21,M3,Vespertino,C,0
212.86,47.97,142.0,5.1,46.46,M2,Matutino,B,1
199.97,51.53,131.5,2.31,39.44,M1,Matutino,A,0
196.85,60.61,111.54,3.16,44.65,M3,Vespertino,C,0
206.5,54.28,106.96,2.61,44.62,M1,Vespertino,A,0
189.83,50.88,128.27,2.7,41.44,M1,Nocturno,A,0
199.12,53.62,109.02,1.79,49.15,M1,Nocturno,A,1
191.59,54.32,95.59,3.99,40.59,M3,Vespertino,A,0
212.29,53.17,100.92,3.16,43.87,M3,Nocturno,B,1
199.37,65.47,110.54,1.71,34.04,M3,Matutino,A,0
207.33,56.25,92.57,2.96,42.31,M1,Matutino,C,1
201.95,57.49,97.47,3.98,44.18,M3,Nocturno,C,0
186.34,53.25,117.9,3.99,37.85,M1,Matutino,B,0
175.0,55.77,98.0,2.36,49.86,M1,Matutino,C,0
177.17,52.16,82.46,3.72,41.65,M2,Matutino,C,0
198.11,47.6,111.94,3.81,41.64,M1,Nocturno,C,1
204.02,55.79,112.82,2.69,44.03,M2,Vespertino,B,0
214.73,53.5,99.72,4.74,58.77,M3,Vespertino,A,1
198.47,49.66,122.14,2.67,34.97,M3,Vespertino,A,0
202.33,47.84,110.67,3.24,38.86,M3,Matutino,C,0
197.59,43.35,90.66,2.57,41.65,M3,Matutino,A,0
202.03,66.67,92.8,3.92,43.71,M3,Vespertino,A,1
179.29,58.99,99.35,2.17,51.89,M1,Vespertino,B,1
179.28,60.41,80.39,2.37,55.42,M1,Matutino,A,0
203.35,49.49,96.42,2.91,48.0,M2,Vespertino,B,0
200.39,58.7,106.52,3.82,44.32,M1,Vespertino,C,1
196.53,50.51,91.94,1.75,42.16,M2,Matutino,B,0
178.1,59.29,104.49,3.37,49.85,M1,Vespertino,C,1
195.22,60.81,92.57,1.9,46.27,M2,Matutino,A,1
208.9,45.96,108.26,2.94,41.56,M1,Nocturno,B,0
183.54,45.07,88.58,2.84,46.85,M2,Matutino,B,0
194.5,61.0,106.43,2.67,44.25,M1,Vespertino,C,0
227.36,63.98,130.37,3.02,55.8,M3,Nocturno,C,1
206.39,40.83,123.82,3.04,35.75,M3,Matutino,A,0
188.24,51.5,104.88,2.24,50.2,M3,Nocturno,C,0
212.07,43.04,105.32,3.36,37.45,M3,Vespertino,A,0
190.07,54.67,98.38,2.14,51.58,M2,Matutino,A,0
182.46,54.44,109.47,1.98,43.86,M3,Matutino,B,0
196.69,55.91,95.07,2.1,43.59,M2,Matutino,A,0
194.89,48.93,124.69,2.95,43.05,M3,Nocturno,B,0
218.59,48.69,87.69,2.8,39.32,M3,Nocturno,A,0
191.58,52.73,91.95,2.52,44.49,M1,Matutino,C,0
213.53,62.18,115.36,2.26,49.94,M3,Nocturno,C,1
196.27,54.56,106.41,3.14,40.79,M2,Nocturno,B,1
191.07,58.86,121.38,2.51,49.99,M1,Vespertino,A,0
186.81,64.52,73.51,1.71,46.19,M3,Matutino,C,0
210.63,52.92,96.32,2.19,36.84,M2,Nocturno,A,0
206.24,48.0,120.83,2.64,37.31,M3,Nocturno,A,0
212.23,56.61,139.0,3.69,59.92,M1,Nocturno,C,1
211.52,46.95,102.73,4.74,52.37,M2,Vespertino,B,1
190.07,51.84,102.34,2.18,42.77,M2,Vespertino,B,0
184.0,55.5,120.79,2.06,49.9,M3,Matutino,C,1
202.57,48.3,109.03,2.31,46.0,M1,Nocturno,B,0
200.41,55.68,92.88,2.53,49.67,M2,Nocturno,B,0
198.6,39.83,114.41,3.5,28.0,M3,Vespertino,B,1
191.81,61.63,112.38,2.36,28.43,M3,Matutino,A,0
195.44,59.48,115.13,2.34,53.95,M2,Vespertino,A,0
199.26,55.46,125.78,4.33,41.37,M2,Vespertino,A,1
